0001,02.01.2007,xx,xx,xx,xx,29,32
0002,06.01.2007,04,15,19,22,30,39
0003,09.01.2007,11,14,16,29,39,41
0004,13.01.2007,11,17,19,29,32,40
0005,16.01.2007,01,02,03,05,23,37
0006,20.01.2007,03,13,20,25,29,37
0007,23.01.2007,04,06,21,26,27,28
0008,27.01.2007,06,09,10,12,23,29
0009,30.01.2007,02,03,13,14,26,37
0010,03.02.2007,04,21,24,27,30,34
0011,06.02.2007,03,06,13,31,36,42
0012,10.02.2007,12,29,33,37,38,40
0013,13.02.2007,06,18,20,27,30,42
0014,17.02.2007,02,04,18,27,38,42
0015,20.02.2007,17,23,27,29,30,35
0016,24.02.2007,02,07,22,25,26,36
0017,27.02.2007,07,17,27,29,37,39
0018,03.03.2007,02,15,20,25,35,40
0019,06.03.2007,08,12,13,24,26,34
0020,10.03.2007,08,16,26,27,28,31
0021,13.03.2007,17,18,23,36,38,39
0022,17.03.2007,xx,xx,xx,xx,29,33
0023,20.03.2007,03,18,20,36,38,41
0024,24.03.2007,20,24,27,28,38,42
0025,27.03.2007,15,20,21,23,30,36
0026,31.03.2007,01,19,26,31,33,41
0027,03.04.2007,xx,xx,xx,xx,24,38
0028,10.04.2007,01,16,21,29,31,34
0029,14.04.2007,12,13,23,26,29,37
0030,17.04.2007,12,13,16,20,26,40
0031,21.04.2007,04,11,12,30,31,40
0032,24.04.2007,16,18,19,25,31,36
0033,28.04.2007,xx,xx,xx,xx,28,42
0034,01.05.2007,08,11,22,28,30,40
0035,05.05.2007,06,11,12,16,21,26
0036,08.05.2007,08,12,13,19,20,21
0037,12.05.2007,02,03,24,27,38,41
0038,15.05.2007,03,06,13,14,38,41
0039,19.05.2007,08,10,18,30,32,34
0040,22.05.2007,04,14,18,23,34,39
0041,26.05.2007,01,07,12,13,40,42
0042,29.05.2007,09,11,12,14,18,22
0043,02.06.2007,12,19,37,39,40,41
0044,05.06.2007,23,28,32,33,34,39
0045,09.06.2007,11,13,14,15,24,42
0046,12.06.2007,02,07,19,25,38,41
0047,16.06.2007,09,10,12,17,21,37
0048,19.06.2007,07,25,31,34,35,40
0049,23.06.2007,01,03,11,13,14,27
0050,26.06.2007,11,16,26,27,32,33
0051,30.06.2007,05,15,19,21,28,41
0052,03.07.2007,01,15,22,27,37,41
0053,07.07.2007,04,06,11,19,31,39
0054,10.07.2007,13,16,17,19,29,30
0055,14.07.2007,16,20,24,28,30,33
0056,17.07.2007,01,07,10,16,19,31
0057,21.07.2007,xx,xx,xx,xx,19,27
0058,24.07.2007,04,13,15,22,28,42
0059,28.07.2007,02,08,10,17,34,42
0060,31.07.2007,01,02,11,26,29,40
0061,04.08.2007,02,05,14,26,37,42
0062,07.08.2007,05,19,20,31,35,39
0063,11.08.2007,10,12,14,21,26,30
0064,14.08.2007,06,09,19,27,37,40
0065,18.08.2007,05,08,16,31,36,42
0066,21.08.2007,01,03,12,18,24,31
0067,25.08.2007,04,16,22,26,35,37
0068,28.08.2007,01,04,11,32,40,42
0069,01.09.2007,03,06,10,16,26,27
0070,04.09.2007,06,22,32,36,37,39
0071,08.09.2007,07,17,22,27,31,39
0072,11.09.2007,04,13,17,26,34,35
0073,15.09.2007,15,17,21,22,23,24
0074,18.09.2007,13,17,18,22,25,35
0075,22.09.2007,01,05,21,22,27,29
0076,25.09.2007,06,19,28,33,34,42
0077,29.09.2007,06,09,11,21,27,35
0078,02.10.2007,xx,xx,xx,xx,18,26
0079,06.10.2007,03,06,20,25,27,41
0080,09.10.2007,04,22,31,34,39,40
0081,13.10.2007,08,09,27,33,36,41
0082,16.10.2007,13,21,26,32,39,41
0083,20.10.2007,14,30,34,38,40,41
0084,23.10.2007,02,11,23,36,38,42
0085,27.10.2007,03,11,28,30,35,37
0086,30.10.2007,06,12,14,21,36,37
0087,03.11.2007,06,08,16,19,25,38
0088,06.11.2007,07,30,31,35,36,38
0089,10.11.2007,10,12,13,19,29,38
0090,13.11.2007,18,24,25,29,37,40
0091,17.11.2007,12,16,26,27,29,42
0092,20.11.2007,06,15,20,21,40,41
0093,24.11.2007,06,11,12,19,40,41
0094,27.11.2007,08,16,17,24,36,40
0095,01.12.2007,14,22,23,26,31,41
0096,04.12.2007,10,14,19,20,23,35
0097,08.12.2007,05,12,16,21,29,34
0098,11.12.2007,08,16,22,24,34,41
0099,15.12.2007,12,13,14,25,30,34
0100,18.12.2007,02,05,13,20,27,36
0101,22.12.2007,03,09,18,25,33,38
0102,29.12.2007,08,19,27,31,34,39
0103,05.01.2008,xx,xx,xx,xx,27,32
0104,08.01.2008,04,06,15,21,25,29
0105,12.01.2008,05,14,15,17,28,34
0106,15.01.2008,14,17,21,22,40,42
0107,19.01.2008,15,16,19,20,31,40
0108,22.01.2008,09,13,15,30,33,39
0109,26.01.2008,01,11,21,22,23,29
0110,29.01.2008,06,08,10,31,41,42
0111,02.02.2008,09,21,23,24,26,40
0112,05.02.2008,02,06,16,27,32,42
0113,09.02.2008,03,05,14,25,36,41
0114,12.02.2008,04,07,16,24,38,42
0115,16.02.2008,03,04,07,08,32,36
0116,19.02.2008,04,10,16,19,24,30
0117,23.02.2008,02,08,21,30,33,34
0118,26.02.2008,07,11,16,19,33,38
0119,01.03.2008,01,07,11,13,24,38
0120,04.03.2008,01,15,18,31,35,38
0121,08.03.2008,06,10,11,24,33,42
0122,11.03.2008,05,17,28,35,39,42
0123,15.03.2008,03,11,13,17,24,31
0124,18.03.2008,06,14,20,22,27,29
0125,25.03.2008,03,07,20,22,35,42
0126,29.03.2008,13,14,20,27,30,34
0127,01.04.2008,01,10,19,21,22,24
0128,05.04.2008,19,21,29,36,37,42
0129,08.04.2008,02,25,30,35,36,42
0130,12.04.2008,12,22,23,26,36,37
0131,15.04.2008,04,06,25,35,38,42
0132,19.04.2008,01,16,28,37,41,42
0133,22.04.2008,09,15,18,23,28,40
0134,26.04.2008,06,09,16,32,34,37
0135,29.04.2008,07,09,18,28,35,39
0136,03.05.2008,01,02,19,23,34,41
0137,06.05.2008,01,06,11,31,35,42
0138,10.05.2008,03,12,17,26,32,42
0139,13.05.2008,22,26,27,31,36,39
0140,17.05.2008,03,08,11,19,32,35
0141,20.05.2008,xx,xx,xx,xx,23,29
0142,24.05.2008,09,10,17,21,22,26
0143,27.05.2008,08,20,23,27,38,40
0144,31.05.2008,03,11,12,18,32,37
0145,03.06.2008,xx,xx,xx,xx,25,35
0146,07.06.2008,10,17,20,35,36,39
0147,10.06.2008,04,14,33,39,40,42
0148,14.06.2008,03,07,26,31,33,41
0149,17.06.2008,18,21,41,08,15,37
0150,21.06.2008,13,15,36,08,19,26
0151,24.06.2008,04,23,11,08,21,14
0152,28.06.2008,11,04,29,07,34,21
0153,01.07.2008,38,10,37,04,35,34
0154,05.07.2008,07,18,28,21,25,14
0155,08.07.2008,33,27,01,03,42,05
0156,12.07.2008,23,07,03,20,38,10
0157,15.07.2008,15,25,07,11,32,24
0158,19.07.2008,14,38,03,19,39,28
0159,22.07.2008,17,22,13,33,31,16
0160,26.07.2008,22,42,19,06,39,05
0161,29.07.2008,05,13,06,12,25,24
0162,02.08.2008,42,15,13,28,20,33
0163,05.08.2008,19,34,24,07,02,14
0164,09.08.2008,20,01,19,30,34,25
0165,12.08.2008,24,09,02,20,07,06
0166,16.08.2008,21,07,05,08,22,29
0167,19.08.2008,03,26,39,41,33,01
0168,23.08.2008,21,15,29,39,05,12
0169,26.08.2008,24,11,42,05,15,13
0170,30.08.2008,03,35,06,25,19,28
0171,02.09.2008,34,38,01,37,23,22
0172,06.09.2008,18,26,14,29,02,27
0173,09.09.2008,09,27,08,21,04,13
0174,13.09.2008,33,20,17,26,37,30
0175,16.09.2008,02,26,36,37,13,12
0176,20.09.2008,09,13,04,01,03,34
0177,23.09.2008,39,30,19,20,17,41
0178,27.09.2008,19,40,28,08,03,02
0179,30.09.2008,32,22,13,39,29,16
0180,04.10.2008,41,02,34,01,40,38
0181,07.10.2008,15,40,08,03,01,27
0182,11.10.2008,31,36,07,40,32,04
0183,14.10.2008,40,01,35,19,05,32
0184,18.10.2008,41,07,30,11,31,16
0185,21.10.2008,21,16,02,05,20,23
0186,25.10.2008,26,23,30,12,06,17
0187,28.10.2008,05,41,38,28,10,16
0188,01.11.2008,15,36,41,13,25,06
0189,04.11.2008,02,31,01,05,33,15
0190,08.11.2008,21,07,26,42,14,20
0191,11.11.2008,20,38,40,36,23,39
0192,15.11.2008,23,33,41,22,16,25
0193,18.11.2008,29,07,32,39,03,33
0194,22.11.2008,36,04,28,11,10,31
0195,25.11.2008,09,08,29,23,30,14
0196,29.11.2008,34,25,26,18,12,06
0197,02.12.2008,31,38,17,05,13,02
0198,06.12.2008,40,18,41,12,19,04
0199,09.12.2008,20,24,26,37,31,41
0200,13.12.2008,41,17,09,31,20,11
0201,16.12.2008,25,38,35,42,11,08
0202,20.12.2008,26,20,33,36,01,18
0203,23.12.2008,33,21,38,40,16,37
0204,27.12.2008,05,40,15,09,35,22
0205,30.12.2008,17,25,23,12,08,35
0206,03.01.2009,06,41,07,22,39,33
0207,06.01.2009,18,42,39,20,22,29
0208,10.01.2009,31,04,01,24,12,41
0209,13.01.2009,08,38,01,40,34,32
0210,17.01.2009,31,02,06,15,14,04
0211,20.01.2009,02,31,27,10,37,05
0212,24.01.2009,20,21,22,03,15,02
0213,27.01.2009,29,32,41,38,05,08
0214,31.01.2009,30,41,39,17,07,38
0215,03.02.2009,10,11,06,19,21,15
0216,07.02.2009,29,24,16,08,12,14
0217,10.02.2009,28,32,03,14,02,15
0218,14.02.2009,17,07,40,29,18,09
0219,17.02.2009,18,12,14,15,03,16
0220,21.02.2009,42,20,39,23,40,28
0221,24.02.2009,13,35,38,12,17,11
0222,28.02.2009,31,16,32,27,36,42
0223,03.03.2009,32,05,24,16,34,11
0224,07.03.2009,29,39,19,10,36,06
0225,10.03.2009,08,24,38,30,06,25
0226,14.03.2009,14,17,38,13,37,35
0227,17.03.2009,01,22,05,28,32,29
0228,21.03.2009,19,08,10,12,31,38
0229,24.03.2009,41,09,04,01,26,14
0230,28.03.2009,25,30,16,13,06,39
0231,31.03.2009,20,07,12,38,16,14
0232,04.04.2009,07,41,10,28,27,17
0233,07.04.2009,14,07,01,35,05,06
0234,14.04.2009,37,08,01,07,02,23
0235,18.04.2009,17,32,04,41,19,13
0236,21.04.2009,02,39,26,15,38,19
0237,25.04.2009,11,22,06,28,09,35
0238,28.04.2009,29,02,21,25,28,20
0239,02.05.2009,04,06,41,27,12,09
0240,05.05.2009,26,36,07,41,32,05
0241,09.05.2009,17,15,24,31,01,07
0242,12.05.2009,29,11,04,22,39,02
0243,16.05.2009,12,21,03,19,02,26
0244,19.05.2009,23,20,36,26,05,31
0245,23.05.2009,28,19,31,37,21,27
0246,26.05.2009,35,21,24,28,37,23
0247,30.05.2009,38,15,10,02,42,08
0248,02.06.2009,16,07,34,13,20,03
0249,06.06.2009,29,21,27,13,10,31
0250,09.06.2009,31,14,18,12,34,27
0251,13.06.2009,08,34,33,01,36,13
0252,16.06.2009,07,41,02,13,32,31
0253,20.06.2009,34,24,35,22,37,29
0254,20.06.2009,34,24,35,22,37,29
0255,23.06.2009,23,24,05,32,21,41
0256,27.06.2009,40,16,34,07,25,26
0257,30.06.2009,16,11,34,38,25,29
0258,04.07.2009,01,03,20,11,24,34
0259,07.07.2009,40,03,24,06,26,32
0260,11.07.2009,15,27,10,20,16,17
0261,14.07.2009,03,10,42,21,20,40
0262,18.07.2009,33,03,41,39,29,22
0263,21.07.2009,17,28,24,34,01,14
0264,25.07.2009,37,02,33,14,30,25
0265,28.07.2009,18,42,20,14,35,07
0266,01.08.2009,08,13,25,15,05,37
0267,04.08.2009,04,21,16,14,28,25
0268,08.08.2009,39,09,15,28,25,18
0269,11.08.2009,04,37,24,10,31,32
0270,15.08.2009,31,36,05,22,33,16
0271,18.08.2009,28,22,12,18,03,16
0272,22.08.2009,32,41,16,09,01,20
0273,25.08.2009,17,22,40,20,16,39
0274,29.08.2009,20,24,39,42,36,28
0275,01.09.2009,36,04,25,38,07,08
0276,05.09.2009,12,01,26,23,39,27
0277,08.09.2009,10,26,16,07,03,18
0278,12.09.2009,33,36,02,12,08,13
0279,15.09.2009,18,26,22,09,03,29
0280,19.09.2009,05,14,19,39,01,29
0281,22.09.2009,22,01,17,14,15,02
0282,26.09.2009,05,20,19,42,32,40
0283,29.09.2009,03,11,02,24,19,04
0284,03.10.2009,11,18,16,03,25,09
0285,06.10.2009,17,35,27,20,32,03
0286,10.10.2009,18,04,11,30,09,22
0287,13.10.2009,14,39,13,25,38,37
0288,17.10.2009,37,04,08,31,03,21
0289,20.10.2009,19,15,21,38,02,24
0290,24.10.2009,11,07,36,03,05,15
0291,27.10.2009,39,15,30,13,18,05
0292,31.10.2009,26,04,11,23,22,30
0293,03.11.2009,19,17,20,41,37,30
0294,07.11.2009,29,06,36,27,21,31
0295,10.11.2009,41,12,01,13,02,08
0296,14.11.2009,39,37,31,40,21,01
0297,17.11.2009,29,13,20,07,19,37
0298,21.11.2009,18,31,24,32,16,14
0299,24.11.2009,36,01,18,11,35,08
0300,28.11.2009,19,05,15,42,27,40
0301,01.12.2009,17,37,11,20,04,40
0302,05.12.2009,04,40,28,42,15,36
0303,08.12.2009,33,16,32,19,03,40
0304,12.12.2009,36,30,01,08,12,41
0305,15.12.2009,23,02,40,03,07,01
0306,17.12.2009,16,38,39,15,02,26
0307,19.12.2009,21,03,14,22,27,16
0308,22.12.2009,16,18,09,26,34,23
0309,24.12.2009,22,32,31,26,39,37
0310,26.12.2009,37,34,28,15,04,39
0311,26.11.2009,35,06,21,12,41,01
0312,03.12.2009,26,10,25,02,18,34
0313,10.12.2009,12,22,37,04,34,02
0314,29.12.2009,39,13,14,31,24,18
0315,31.12.2009,19,37,07,11,05,34
0316,02.01.2010,33,13,24,22,10,29
0317,05.01.2010,42,32,31,28,01,02
0318,07.01.2010,16,40,36,27,34,18
0319,09.01.2010,38,27,35,04,01,14
0320,12.01.2010,31,07,10,08,33,42
0321,14.01.2010,33,23,27,15,37,30
0322,16.01.2010,04,34,08,03,24,20
0323,19.01.2010,40,33,12,14,08,26
0324,21.01.2010,20,42,33,36,23,21
0325,23.01.2010,32,23,01,11,22,12
0326,26.01.2010,35,28,34,18,41,04
0327,28.01.2010,05,03,41,24,20,30
0328,30.01.2010,14,34,33,10,24,07
0329,02.02.2010,09,05,42,34,02,32
0330,04.02.2010,02,20,24,09,12,18
0331,06.02.2010,07,29,27,41,24,03
0332,09.02.2010,07,25,33,27,38,16
0333,11.02.2010,03,27,08,17,20,39
0334,13.02.2010,08,21,38,06,19,28
0335,16.02.2010,35,29,22,12,19,02
0336,18.02.2010,19,14,06,27,07,10
0337,20.02.2010,09,03,10,35,37,19
0338,23.02.2010,18,09,01,10,40,15
0339,25.02.2010,02,22,19,04,30,31
0340,27.02.2010,20,08,31,04,21,28
0341,02.03.2010,41,40,06,11,01,20
0342,04.03.2010,41,21,37,34,14,30
0343,06.03.2010,17,35,12,05,33,10
0344,09.03.2010,22,05,17,21,14,41
0345,11.03.2010,38,14,20,24,35,31
0346,13.03.2010,25,10,06,09,18,21
0347,16.03.2010,01,04,06,02,36,37
0348,18.03.2010,38,19,16,37,09,03
0349,20.03.2010,10,23,34,38,40,07
0350,23.03.2010,24,41,03,07,26,06
0351,25.03.2010,39,11,25,17,38,03
0352,27.03.2010,01,08,34,28,14,24
0353,30.03.2010,03,16,06,42,13,05
0354,06.04.2010,33,24,14,02,07,32
0355,08.04.2010,32,02,11,14,42,34
0356,10.04.2010,36,13,25,20,19,37
0357,13.04.2010,37,35,40,36,02,09
0358,15.04.2010,23,27,05,15,33,29
0359,17.04.2010,22,08,04,34,25,41
0360,20.04.2010,27,28,14,20,35,32
0361,22.04.2010,15,04,34,13,42,20
0362,24.04.2010,06,34,09,03,27,18
0363,27.04.2010,32,01,04,33,34,13
0364,29.04.2010,01,24,36,34,08,25
0365,01.05.2010,14,26,09,23,12,31
0366,04.05.2010,29,25,32,08,35,39
0367,06.05.2010,02,03,05,13,27,32
0368,08.05.2010,06,32,36,41,25,16
0369,11.05.2010,08,01,31,32,10,06
0370,13.05.2010,26,31,33,30,37,06
0371,15.05.2010,40,39,28,34,42,13
0372,18.05.2010,07,23,25,15,26,16
0373,20.05.2010,23,39,24,37,07,42
0374,22.05.2010,21,20,30,12,40,07
0375,25.05.2010,31,20,21,15,37,29
0376,27.05.2010,25,12,17,24,21,40
0377,01.06.2010,11,28,15,27,04,31
0378,29.05.2010,21,40,39,23,28,34
0379,03.06.2010,11,10,42,35,41,39
0380,05.06.2010,16,04,26,07,03,05
0381,08.06.2010,16,09,08,30,18,19
0382,10.06.2010,09,25,34,29,42,26
0383,12.06.2010,33,29,22,42,41,25
0384,15.06.2010,05,23,04,38,18,14
0385,17.06.2010,12,37,17,33,21,16
0386,19.06.2010,09,25,21,02,05,40
0387,22.06.2010,24,03,12,28,20,36
0388,24.06.2010,27,41,19,31,29,04
0389,26.06.2010,41,39,13,26,40,15
0390,29.06.2010,04,27,17,08,16,02
0391,01.07.2010,36,01,24,25,06,02
0392,03.07.2010,25,33,23,13,16,21
0393,06.07.2010,42,27,10,35,38,34
0394,08.07.2010,39,03,29,42,16,30
0395,10.07.2010,16,20,38,11,27,39
0396,13.07.2010,26,05,19,06,24,23
0397,15.07.2010,04,24,01,18,22,41
0398,17.07.2010,21,17,04,33,01,29
0399,20.07.2010,27,03,37,24,10,07
0400,22.07.2010,29,21,33,06,41,40
0401,24.07.2010,23,40,19,41,31,26
0402,27.07.2010,26,36,05,28,19,34
0403,29.07.2010,39,19,07,41,38,30
0404,31.07.2010,06,41,03,32,25,07
0405,03.08.2010,04,36,11,10,12,34
0406,05.08.2010,10,11,36,40,19,20
0407,07.08.2010,37,41,36,11,39,04
0408,10.08.2010,42,10,23,22,04,31
0409,12.08.2010,08,13,42,07,39,04
0410,14.08.2010,31,26,07,39,23,20
0411,17.08.2010,14,09,24,27,07,29
0412,19.08.2010,28,23,41,17,19,10
0413,21.08.2010,41,32,37,07,42,39
0414,24.08.2010,15,04,28,34,11,01
0415,26.08.2010,13,39,19,25,18,15
0416,28.08.2010,42,15,30,31,32,24
0417,31.08.2010,17,38,15,29,27,06
0418,02.09.2010,11,34,17,42,31,26
0419,04.09.2010,05,26,40,08,15,07
0420,07.09.2010,18,25,08,31,21,33
0421,09.09.2010,06,17,12,28,01,24
0422,11.09.2010,37,23,40,30,20,25
0423,14.09.2010,31,28,10,34,16,14
0424,16.09.2010,41,26,10,27,07,34
0425,18.09.2010,34,30,24,11,07,23
0426,21.09.2010,12,42,37,20,22,16
0427,23.09.2010,36,08,12,13,06,17
0428,25.09.2010,12,28,29,26,19,40
0429,28.09.2010,01,19,22,40,07,18
0430,30.09.2010,35,16,20,29,19,28
0431,02.10.2010,19,34,41,14,30,32
0432,05.10.2010,11,06,12,17,42,32
0433,07.10.2010,38,30,11,21,20,36
0434,09.10.2010,11,08,34,32,01,35
0435,12.10.2010,36,37,41,39,02,21
0436,14.10.2010,07,39,12,42,27,23
0437,16.10.2010,08,03,29,01,22,24
0438,19.10.2010,19,10,15,12,21,06
0439,21.10.2010,13,10,28,03,14,35
0440,23.10.2010,38,28,04,07,42,34
0441,26.10.2010,24,21,12,13,34,20
0442,28.10.2010,12,03,34,27,08,32
0443,30.10.2010,42,29,11,40,15,33
0444,02.11.2010,34,22,10,19,03,11
0445,04.11.2010,22,17,39,02,38,04
0446,06.11.2010,08,09,16,12,02,03
0447,09.11.2010,09,32,04,27,15,25
0448,11.11.2010,30,11,37,12,36,41
0449,13.11.2010,31,05,34,03,02,15
0450,16.11.2010,14,12,36,27,04,29
0451,18.11.2010,04,13,32,29,20,37
0452,20.11.2010,04,12,26,02,42,28
0453,25.11.2010,28,26,25,19,36,42
0454,27.11.2010,16,07,17,34,37,12
0455,30.11.2010,15,14,11,21,29,03
0456,02.12.2010,16,29,42,15,30,20
0457,04.12.2010,41,16,18,25,07,06
0458,07.12.2010,19,21,18,25,27,41
0459,09.12.2010,41,05,33,20,11,16
0460,11.12.2010,22,24,38,15,32,14
0461,14.12.2010,08,37,15,22,34,23
0462,16.12.2010,06,15,33,19,17,23
0463,18.12.2010,29,11,15,19,21,32
0464,21.12.2010,35,34,13,24,05,11
0465,23.12.2010,37,09,39,18,17,22
0466,28.12.2010,29,20,41,26,10,05
0467,30.12.2010,14,36,24,02,17,20
0468,04.01.2011,03,28,30,04,42,16
0469,06.01.2011,22,41,19,29,31,11
0470,08.01.2011,03,12,22,33,32,25
0471,11.01.2011,06,17,30,07,42,13
0472,13.01.2011,21,14,32,33,08,17
0473,15.01.2011,06,02,08,38,42,32
0474,18.01.2011,18,23,34,17,27,26
0475,20.01.2011,25,02,05,11,21,31
0476,22.01.2011,18,10,02,25,36,03
0477,25.01.2011,19,32,22,06,24,35
0478,27.01.2011,35,36,29,18,08,20
0479,29.01.2011,35,17,29,01,19,33
0480,01.02.2011,23,30,39,07,42,25
0481,03.02.2011,11,26,09,04,17,36
0482,05.02.2011,25,26,39,16,20,37
0483,08.02.2011,02,34,39,32,33,30
0484,10.02.2011,26,25,27,32,41,05
0485,12.02.2011,10,29,23,28,21,12
0486,15.02.2011,37,15,34,33,41,08
0487,17.02.2011,25,13,21,24,36,19
0488,19.02.2011,03,39,13,36,31,20
0489,22.02.2011,30,35,14,41,04,18
0490,24.02.2011,31,26,39,15,36,27
0491,26.02.2011,11,24,13,07,34,30
0492,01.03.2011,20,35,38,32,15,19
0493,03.03.2011,03,04,33,20,37,06
0494,05.03.2011,01,07,38,34,22,23
0495,08.03.2011,24,39,05,09,21,03
0496,10.03.2011,42,21,31,06,29,18
0497,12.03.2011,17,19,10,13,12,42
0498,15.03.2011,05,21,42,11,08,27
0499,17.03.2011,27,21,37,15,04,35
0500,19.03.2011,23,10,31,40,19,33
0501,22.03.2011,29,20,21,15,34,14
0502,24.03.2011,12,04,26,42,28,37
0503,26.03.2011,22,15,23,20,07,40
0504,29.03.2011,39,38,25,12,21,08
0505,31.03.2011,05,30,23,16,40,08
0506,02.04.2011,27,40,32,30,16,07
0507,05.04.2011,39,02,09,05,03,35
0508,07.04.2011,37,06,15,01,35,02
0509,09.04.2011,12,36,14,10,40,05
0510,12.04.2011,02,41,39,29,11,27
0511,14.04.2011,06,40,41,24,15,34
0512,16.04.2011,10,29,04,08,24,27
0513,19.04.2011,23,17,16,38,24,22
0514,26.04.2011,34,35,19,06,25,39
0515,28.04.2011,21,42,33,34,12,03
0516,30.04.2011,33,41,08,26,06,23
0517,03.05.2011,42,12,37,41,32,21
0518,05.05.2011,16,31,37,33,40,26
0519,07.05.2011,05,10,19,14,15,23
0520,10.05.2011,14,38,22,37,07,01
0521,12.05.2011,03,26,36,11,40,13
0522,14.05.2011,05,07,12,15,26,34
0523,17.05.2011,19,21,32,29,07,30
0524,19.05.2011,03,26,18,30,07,16
0525,21.05.2011,27,42,29,35,28,06
0526,24.05.2011,14,35,01,16,36,20
0527,26.05.2011,05,41,32,21,23,10
0528,28.05.2011,15,16,40,34,12,23
0529,31.05.2011,08,19,07,42,31,13
0530,02.06.2011,36,26,18,40,13,35
0531,04.06.2011,01,27,39,37,12,05
0532,07.06.2011,30,26,35,19,36,05
0533,09.06.2011,40,03,36,37,32,38
0534,11.06.2011,28,04,35,25,42,26
0535,14.06.2011,15,39,06,19,22,34
0536,16.06.2011,39,13,32,14,35,04
0537,18.06.2011,03,25,40,34,06,13
0538,21.06.2011,37,24,41,42,04,18
0539,23.06.2011,14,30,07,13,42,29
0540,25.06.2011,16,07,28,08,17,26
0541,28.06.2011,04,20,29,17,33,22
0542,30.06.2011,42,12,04,11,40,06
0543,02.07.2011,07,38,09,21,04,03
0544,05.07.2011,08,42,13,26,30,15
0545,07.07.2011,30,34,07,03,04,29
0546,09.07.2011,08,09,23,35,36,26
0547,12.07.2011,01,39,32,42,05,26
0548,14.07.2011,24,15,14,34,18,06
0549,16.07.2011,39,30,35,32,12,42
0550,19.07.2011,32,35,01,23,19,25
0551,21.07.2011,04,15,27,12,03,02
0552,23.07.2011,24,32,01,28,37,29
0553,26.07.2011,21,20,09,08,17,37
0554,28.07.2011,06,19,28,33,01,07
0555,30.07.2011,03,15,25,19,38,23
0556,02.08.2011,37,05,39,23,38,19
0557,04.08.2011,20,02,09,32,26,23
0558,06.08.2011,15,16,03,08,35,38
0559,09.08.2011,01,42,39,16,03,23
0560,11.08.2011,22,05,03,01,39,30
0561,13.08.2011,09,01,25,05,15,06
0562,16.08.2011,21,02,28,10,24,09
0563,18.08.2011,41,02,37,06,22,03
0564,20.08.2011,13,24,12,14,34,37
0565,23.08.2011,13,23,25,21,37,28
0566,25.08.2011,16,15,36,41,30,17
0567,27.08.2011,05,02,04,34,19,31
0568,30.08.2011,12,29,38,27,30,07
0569,01.09.2011,10,39,06,01,02,14
0570,03.09.2011,42,13,10,32,30,24
0571,06.09.2011,38,29,17,16,06,28
0572,08.09.2011,15,09,10,06,05,42
0573,10.09.2011,07,33,11,06,17,22
0574,13.09.2011,05,42,17,07,01,11
0575,15.09.2011,10,36,39,20,05,40
0576,17.09.2011,23,03,27,26,19,15
0577,20.09.2011,37,14,09,12,30,39
0578,22.09.2011,03,40,04,08,23,28
0579,24.09.2011,10,12,15,02,04,31
0580,27.09.2011,36,20,27,39,35,38
0581,29.09.2011,08,32,28,42,20,03
0582,01.10.2011,42,04,25,33,34,27
0583,04.10.2011,21,27,42,10,41,33
0584,06.10.2011,02,36,23,25,22,37
0585,08.10.2011,12,26,09,38,40,29
0586,11.10.2011,08,19,32,27,06,16
0587,13.10.2011,16,01,04,31,15,02
0588,15.10.2011,33,21,40,28,12,02
0589,18.10.2011,40,18,38,31,17,12
0590,20.10.2011,36,26,18,24,39,33
0591,22.10.2011,36,20,33,39,10,01
0592,25.10.2011,12,41,06,26,04,31
0593,27.10.2011,10,16,24,25,14,12
0594,29.10.2011,37,17,15,34,06,12
0595,01.11.2011,18,21,26,33,10,28
0596,03.11.2011,19,42,29,31,14,26
0597,05.11.2011,15,01,11,38,31,37
0598,08.11.2011,04,01,36,14,15,39
0599,10.11.2011,20,27,39,17,32,42
0600,12.11.2011,07,06,03,01,40,08
0601,15.11.2011,24,12,23,05,35,32
0602,17.11.2011,20,24,06,22,08,14
0603,19.11.2011,05,23,22,04,18,13
0604,22.11.2011,40,10,06,15,05,39
0605,24.11.2011,24,41,02,05,39,15
0606,26.11.2011,14,15,22,05,08,36
0607,29.11.2011,41,10,25,27,32,30
0608,01.12.2011,34,36,39,11,22,40
0609,03.12.2011,20,24,02,27,01,18
0610,06.12.2011,02,16,39,10,28,17
0611,08.12.2011,06,13,20,25,02,36
0612,10.12.2011,03,05,27,11,39,22
0613,13.12.2011,20,42,28,11,13,37
0614,15.12.2011,14,35,27,07,09,41
0615,17.12.2011,38,13,10,27,01,09
0616,20.12.2011,16,39,36,07,18,04
0617,22.12.2011,13,27,37,08,31,35
0618,24.12.2011,15,17,13,16,01,24
0619,27.12.2011,35,34,04,23,18,39
0620,29.12.2011,28,02,24,17,05,06
0621,31.12.2011,25,28,30,03,15,37
0622,03.01.2012,13,01,31,17,21,38
0623,05.01.2012,26,22,05,42,16,41
0624,07.01.2012,06,17,13,28,25,38
0625,10.01.2012,06,33,24,09,04,16
0626,12.01.2012,24,23,18,01,36,12
0627,14.01.2012,39,42,28,34,01,04
0628,17.01.2012,14,34,19,39,41,01
0629,19.01.2012,11,10,34,13,17,28
0630,21.01.2012,31,15,30,26,19,27
0631,24.01.2012,28,30,16,21,15,26
0632,26.01.2012,17,35,21,10,32,42
0633,28.01.2012,37,05,27,33,40,02
0634,31.01.2012,18,36,38,05,28,02
0635,02.02.2012,10,38,05,18,31,01
0636,04.02.2012,02,23,19,39,26,05
0637,07.02.2012,29,25,09,22,11,08
0638,09.02.2012,35,14,19,07,27,32
0639,11.02.2012,38,01,23,25,06,17
0640,14.02.2012,20,30,23,34,14,39
0641,16.02.2012,31,23,25,22,42,04
0642,18.02.2012,02,41,17,40,21,01
0643,21.02.2012,02,27,17,35,41,13
0644,23.02.2012,31,10,25,22,30,06
0645,25.02.2012,10,04,12,17,40,27
0646,28.02.2012,20,41,04,08,11,07
0647,01.03.2012,37,02,03,33,08,18
0648,03.03.2012,41,23,33,22,05,42
0649,06.03.2012,39,32,34,03,08,30
0650,08.03.2012,12,04,17,22,23,42
0651,10.03.2012,32,28,39,26,37,42
0652,13.03.2012,20,40,12,04,09,30
0653,15.03.2012,35,06,04,21,15,32
0654,17.03.2012,18,20,42,13,24,39
0655,20.03.2012,21,13,18,01,37,02
0656,22.03.2012,24,01,28,03,14,27
0657,24.03.2012,04,15,05,30,11,42
0658,27.03.2012,27,02,19,22,06,35
0659,29.03.2012,27,23,33,03,29,30
0660,31.03.2012,30,08,22,01,17,23
0661,03.04.2012,38,19,06,05,40,18
0662,10.04.2012,17,23,12,15,22,03
0663,12.04.2012,08,34,35,29,05,26
0664,14.04.2012,14,02,06,31,03,26
0665,17.04.2012,01,17,38,24,22,30
0666,19.04.2012,34,23,33,31,02,39
0667,21.04.2012,12,09,19,35,24,14
0668,24.04.2012,04,10,24,13,37,01
0669,26.04.2012,24,18,19,11,33,42
0670,28.04.2012,07,09,03,11,31,17
0671,01.05.2012,19,15,13,02,41,25
0672,03.05.2012,06,09,11,20,30,13
0673,05.05.2012,32,21,26,36,12,13
0674,08.05.2012,22,16,21,38,42,12
0675,10.05.2012,18,24,29,14,28,08
0676,12.05.2012,06,27,36,22,28,14
0677,15.05.2012,08,15,30,35,31,02
0678,17.05.2012,08,33,05,39,06,24
0679,19.05.2012,40,26,15,37,24,32
0680,22.05.2012,13,37,27,26,29,16
0681,24.05.2012,10,32,06,20,35,37
0682,26.05.2012,11,41,07,09,10,01
0683,29.05.2012,35,23,36,18,39,32
0684,31.05.2012,19,30,16,11,14,08
0685,02.06.2012,31,02,20,13,27,06
0686,05.06.2012,20,33,28,13,31,29
0687,07.06.2012,06,10,21,30,22,33
0688,09.06.2012,41,17,29,30,33,18
0689,12.06.2012,06,27,09,36,16,23
0690,14.06.2012,37,20,02,30,22,35
0691,16.06.2012,04,39,09,13,34,18
0692,19.06.2012,15,08,02,33,09,42
0693,21.06.2012,23,13,19,20,42,34
0694,23.06.2012,32,27,03,04,28,16
0695,26.06.2012,11,10,14,21,03,22
0696,28.06.2012,10,14,30,05,25,13
0697,30.06.2012,04,29,31,37,03,39
0698,03.07.2012,18,05,27,23,10,22
0699,05.07.2012,33,40,04,21,26,20
0700,07.07.2012,42,23,40,33,03,11
0701,10.07.2012,14,08,18,30,34,20
0702,12.07.2012,22,17,01,13,32,06
0703,14.07.2012,14,18,22,23,13,29
0704,17.07.2012,22,19,07,08,23,28
0705,19.07.2012,06,37,16,35,12,21
0706,21.07.2012,29,02,41,32,19,26
0707,24.07.2012,32,34,26,17,15,28
0708,26.07.2012,23,28,25,15,21,14
0709,28.07.2012,03,31,34,10,05,02
0710,31.07.2012,29,04,28,41,02,01
0711,02.08.2012,32,06,01,38,20,10
0712,04.08.2012,33,28,15,19,30,23
0713,07.08.2012,20,04,15,39,41,35
0714,09.08.2012,42,14,41,22,25,33
0715,11.08.2012,38,10,23,15,19,42
0716,14.08.2012,12,21,07,24,16,42
0717,16.08.2012,05,06,24,39,37,22
0718,18.08.2012,21,41,36,26,27,24
0719,21.08.2012,24,17,18,33,35,04
0720,23.08.2012,24,26,17,25,02,22
0721,25.08.2012,16,23,04,02,35,11
0722,28.08.2012,12,29,27,11,04,09
0723,30.08.2012,19,12,32,27,07,35
0724,01.09.2012,18,33,16,28,42,09
0725,04.09.2012,03,30,19,39,20,07
0726,06.09.2012,19,06,21,29,33,37
0727,08.09.2012,25,35,03,07,27,24
0728,11.09.2012,08,16,42,12,14,15
0729,13.09.2012,09,19,08,42,28,38
0730,15.09.2012,03,25,28,07,16,38
0731,18.09.2012,39,13,24,34,06,40
0732,20.09.2012,31,27,37,40,19,30
0733,22.09.2012,18,03,01,41,31,19
0734,25.09.2012,20,06,30,25,36,32
0735,27.09.2012,19,05,41,30,03,35
0736,29.09.2012,21,15,10,04,23,09
0737,02.10.2012,26,37,41,32,12,06
0738,04.10.2012,09,37,33,04,01,08
0739,06.10.2012,40,20,11,26,33,16
0740,09.10.2012,19,38,34,30,13,25
0741,11.10.2012,18,23,19,36,39,15
0742,13.10.2012,08,03,29,10,06,36
0743,16.10.2012,13,10,39,29,19,05
0744,18.10.2012,12,22,11,28,05,21
0745,20.10.2012,19,38,26,15,12,07
0746,23.10.2012,02,07,28,39,11,36
0747,25.10.2012,02,18,11,09,17,33
0748,27.10.2012,29,26,18,07,11,41
0749,30.10.2012,02,39,12,35,33,13
0750,01.11.2012,39,14,18,36,37,19
0751,03.11.2012,14,23,16,36,37,20
0752,06.11.2012,07,42,25,13,16,34
0753,08.11.2012,22,20,24,32,04,02
0754,10.11.2012,36,09,07,35,18,33
0755,13.11.2012,36,35,06,32,04,29
0756,15.11.2012,38,30,20,06,08,11
0757,17.11.2012,19,10,24,28,07,04
0758,20.11.2012,29,25,07,12,35,39
0759,22.11.2012,12,22,27,33,29,19
0760,24.11.2012,35,16,33,39,12,37
0761,27.11.2012,29,35,21,27,32,01
0762,29.11.2012,20,12,35,31,23,09
0763,01.12.2012,32,29,17,14,42,15
0764,04.12.2012,42,04,39,21,03,40
0765,06.12.2012,17,40,34,16,21,06
0766,08.12.2012,27,40,03,25,32,05
0767,11.12.2012,12,40,08,21,18,37
0768,13.12.2012,06,08,24,21,23,16
0769,15.12.2012,06,15,23,14,37,32
0770,18.12.2012,22,35,08,18,25,09
0771,20.12.2012,37,12,42,18,40,01
0772,22.12.2012,07,13,10,08,35,09
0773,27.12.2012,11,27,30,39,05,37
0774,29.12.2012,13,16,26,14,33,04
0775,03.01.2013,21,27,23,37,39,08
0776,05.01.2013,33,31,19,23,28,15
0777,08.01.2013,08,23,20,21,02,33
0778,10.01.2013,42,39,03,30,15,41
0779,12.01.2013,30,27,14,34,05,41
0780,15.01.2013,22,18,09,10,05,01
0781,17.01.2013,35,08,36,32,42,28
0782,19.01.2013,40,26,22,04,35,10
0783,22.01.2013,21,27,08,16,17,34
0784,24.01.2013,34,41,12,24,33,19
0785,26.01.2013,14,36,28,34,12,42
0786,29.01.2013,35,41,23,14,30,36
0787,31.01.2013,30,16,29,13,41,09
0788,02.02.2013,11,42,40,27,31,18
0789,05.02.2013,11,19,33,42,15,28
0790,07.02.2013,09,42,02,22,17,19
0791,09.02.2013,38,11,15,19,27,10
0792,12.02.2013,17,30,13,39,05,19
0793,14.02.2013,19,20,41,04,34,16
0794,16.02.2013,37,01,28,08,12,06
0795,19.02.2013,07,11,27,26,24,16
0796,21.02.2013,33,10,30,09,02,20
0797,23.02.2013,31,24,35,08,22,34
0798,26.02.2013,16,17,24,05,22,26
0799,28.02.2013,35,30,25,20,14,13
0800,02.03.2013,16,07,05,20,02,40
0801,05.03.2013,40,05,41,37,03,16
0802,07.03.2013,08,38,11,26,18,40
0803,09.03.2013,32,35,36,20,12,16
0804,12.03.2013,34,02,42,21,31,26
0805,14.03.2013,40,15,17,06,07,32
0806,16.03.2013,14,17,29,04,38,30
0807,19.03.2013,11,07,33,31,02,14
0808,21.03.2013,29,21,25,30,16,35
0809,23.03.2013,29,35,15,22,07,01
0810,26.03.2013,41,31,32,38,03,20
0811,02.04.2013,23,05,37,08,01,24
0812,04.04.2013,39,40,31,06,04,27
0813,06.04.2013,41,01,30,22,07,24
0814,09.04.2013,31,27,24,30,29,05
0815,11.04.2013,17,24,22,06,07,19
0816,13.04.2013,22,11,03,24,18,39
0817,16.04.2013,28,23,07,17,26,12
0818,18.04.2013,24,08,16,31,18,33
0819,20.04.2013,33,15,25,12,31,19
0820,23.04.2013,30,33,14,37,39,13
0821,25.04.2013,32,26,05,16,20,02
0822,27.04.2013,40,03,06,19,14,39
0823,30.04.2013,26,36,03,37,33,20
0824,02.05.2013,28,18,16,12,02,05
0825,04.05.2013,21,08,29,25,16,32
0826,07.05.2013,35,04,15,01,10,38
0827,09.05.2013,07,37,02,22,24,10
0828,11.05.2013,09,01,31,34,14,20
0829,14.05.2013,41,03,09,40,35,04
0830,16.05.2013,13,07,24,22,11,03
0831,18.05.2013,42,28,29,30,07,38
0832,21.05.2013,11,35,22,34,31,04
0833,23.05.2013,34,26,16,29,18,27
0834,25.05.2013,32,20,27,04,24,16
0835,28.05.2013,05,04,10,21,03,16
0836,30.05.2013,04,31,13,30,08,32
0837,01.06.2013,22,09,34,14,28,27
0838,04.06.2013,34,15,31,33,04,11
0839,06.06.2013,22,13,05,19,25,10
0840,08.06.2013,22,21,27,33,07,30
0841,11.06.2013,19,28,30,20,04,39
0842,13.06.2013,33,09,30,18,14,22
0843,15.06.2013,21,23,38,34,06,33
0844,18.06.2013,35,32,24,36,19,28
0845,20.06.2013,23,27,19,13,37,32
0846,22.06.2013,17,01,35,04,14,07
0847,25.06.2013,11,26,32,07,36,33
0848,27.06.2013,38,27,32,35,22,08
0849,29.06.2013,26,35,39,08,38,28
0850,02.07.2013,25,07,27,08,16,10
0851,04.07.2013,14,20,37,08,13,39
0852,06.07.2013,13,20,23,25,27,28
0853,09.07.2013,29,39,11,15,07,21
0854,11.07.2013,15,27,08,16,37,14
0855,13.07.2013,07,34,26,12,23,38
0856,16.07.2013,24,29,01,27,03,42
0857,18.07.2013,05,29,34,35,10,27
0858,20.07.2013,09,08,38,03,36,02
0859,23.07.2013,12,42,31,32,06,13
0860,25.07.2013,25,22,21,04,19,07
0861,27.07.2013,29,36,30,16,39,41
0862,30.07.2013,30,27,14,10,35,20
0863,01.08.2013,11,42,05,10,27,22
0864,03.08.2013,06,41,14,37,40,35
0865,06.08.2013,41,07,04,38,13,29
0866,08.08.2013,20,40,29,24,07,08
0867,10.08.2013,39,40,11,19,30,35
0868,13.08.2013,19,08,30,40,15,18
0869,15.08.2013,37,13,40,08,30,11
0870,17.08.2013,37,11,25,35,08,32
0871,20.08.2013,15,30,42,35,16,13
0872,22.08.2013,01,10,18,08,06,42
0873,24.08.2013,01,38,40,29,22,25
0874,27.08.2013,39,18,38,02,35,16
0875,29.08.2013,17,09,42,29,34,36
0876,31.08.2013,20,05,41,35,02,28
0877,03.09.2013,38,36,39,01,22,16
0878,05.09.2013,31,11,35,06,40,23
0879,07.09.2013,21,29,32,27,40,24
0880,10.09.2013,16,13,15,17,36,28
0881,12.09.2013,25,12,40,08,24,23
0882,14.09.2013,01,34,09,28,31,30
0883,17.09.2013,05,27,32,36,22,09
0884,19.09.2013,38,37,21,42,16,35
0885,21.09.2013,39,02,20,08,25,05
0886,24.09.2013,31,11,33,34,22,14
0887,26.09.2013,01,03,26,04,27,19
0888,28.09.2013,26,40,38,18,02,35
0889,01.10.2013,14,07,17,32,03,23
0890,03.10.2013,09,31,11,38,33,18
0891,05.10.2013,06,01,31,23,13,11
0892,08.10.2013,04,24,31,37,03,19
0893,10.10.2013,27,09,16,35,42,19
0894,12.10.2013,09,37,06,39,36,13
0895,15.10.2013,15,19,27,06,09,26
0896,17.10.2013,25,35,39,18,23,40
0897,19.10.2013,15,11,19,33,18,07
0898,22.10.2013,21,38,35,15,39,10
0899,24.10.2013,04,22,12,25,20,21
0900,26.10.2013,29,20,28,35,16,11
0901,29.10.2013,37,17,03,20,28,23
0902,31.10.2013,07,35,14,30,06,04
0903,02.11.2013,24,37,07,30,25,01
0904,05.11.2013,32,17,30,08,20,11
0905,07.11.2013,18,22,41,04,19,20
0906,09.11.2013,28,30,02,03,08,42
0907,12.11.2013,32,16,24,03,05,25
0908,14.11.2013,14,39,15,18,42,04
0909,16.11.2013,30,03,17,41,26,02
0910,19.11.2013,32,26,10,40,41,36
0911,21.11.2013,28,32,38,36,14,16
0912,23.11.2013,18,35,17,40,15,30
0913,26.11.2013,22,15,02,34,01,36
0914,28.11.2013,32,10,12,08,20,26
0915,30.11.2013,33,40,01,07,24,42
0916,03.12.2013,03,23,06,15,20,25
0917,05.12.2013,29,41,17,26,09,04
0918,07.12.2013,30,02,11,16,18,03
0919,10.12.2013,42,12,21,38,19,25
0920,12.12.2013,37,18,04,32,15,21
0921,14.12.2013,27,04,38,13,03,11
0922,17.12.2013,18,01,10,34,24,35
0923,19.12.2013,17,05,30,10,36,12
0924,21.12.2013,25,02,38,04,32,34
0925,24.12.2013,01,41,24,16,20,15
0926,26.12.2013,29,41,20,36,40,03
0927,28.12.2013,16,11,34,41,31,03
0928,31.12.2013,29,14,41,19,38,37
0929,02.01.2014,16,14,04,15,39,10
0930,04.01.2014,18,26,07,33,40,06
0931,07.01.2014,06,32,25,38,10,41
0932,09.01.2014,21,13,19,27,20,23
0933,11.01.2014,38,22,21,34,19,16
0934,14.01.2014,08,24,37,42,36,14
0935,16.01.2014,12,29,11,33,22,36
0936,18.01.2014,08,27,25,03,41,26
0937,21.01.2014,10,37,19,12,03,32
0938,23.01.2014,09,03,11,22,40,15
0939,25.01.2014,07,24,34,22,20,35
0940,28.01.2014,31,19,27,17,20,12
0941,30.01.2014,04,07,19,40,09,33
0942,01.02.2014,11,21,12,04,20,08
0943,04.02.2014,23,08,28,09,24,33
0944,06.02.2014,01,09,32,37,33,05
0945,08.02.2014,09,19,11,22,16,06
0946,11.02.2014,22,41,35,20,29,42
0947,13.02.2014,11,25,21,39,41,05
0948,15.02.2014,34,31,16,03,29,12
0949,18.02.2014,30,26,21,16,32,05
0950,20.02.2014,08,06,20,35,26,10
0951,22.02.2014,27,32,38,16,34,08
0952,25.02.2014,32,40,06,21,37,14
0953,27.02.2014,16,38,28,15,19,24
0954,01.03.2014,29,21,03,04,02,31
0955,04.03.2014,24,35,25,03,30,34
0956,06.03.2014,04,26,21,39,09,10
0957,08.03.2014,02,11,01,03,37,22
0958,11.03.2014,25,40,38,12,06,34
0959,13.03.2014,15,20,21,23,01,05
0960,15.03.2014,26,22,25,04,19,12
0961,18.03.2014,14,10,19,21,24,20
0962,20.03.2014,10,16,08,11,13,32
0963,22.03.2014,01,21,28,42,35,30
0964,25.03.2014,06,15,05,18,24,27
0965,27.03.2014,12,27,34,41,31,05
0966,29.03.2014,07,13,23,29,32,16
0967,01.04.2014,27,08,04,40,33,12
0968,03.04.2014,01,36,23,31,03,25
0969,05.04.2014,21,31,02,14,25,09
0970,08.04.2014,05,30,37,02,28,14
0971,10.04.2014,42,19,27,02,07,41
0972,12.04.2014,33,13,40,28,39,41
0973,15.04.2014,15,30,03,31,18,01
0974,22.04.2014,11,33,05,22,30,41
0975,24.04.2014,37,17,31,01,34,42
0976,26.04.2014,18,20,27,26,32,13
0977,29.04.2014,20,06,11,39,05,42
0978,01.05.2014,34,40,29,41,37,28
0979,03.05.2014,19,12,27,14,22,18
0980,06.05.2014,33,41,20,12,03,10
0981,08.05.2014,26,08,37,01,23,21
0982,10.05.2014,34,29,19,24,22,13
0983,13.05.2014,40,19,05,29,15,16
0984,15.05.2014,39,07,20,27,42,10
0985,17.05.2014,02,34,28,21,14,27
0986,20.05.2014,19,34,26,14,20,18
0987,22.05.2014,16,14,20,17,12,06
0988,24.05.2014,38,41,11,31,18,05
0989,27.05.2014,13,42,21,38,40,17
0990,29.05.2014,10,05,12,30,04,31
0991,31.05.2014,14,18,02,39,30,27
0992,03.06.2014,23,28,09,04,05,17
0993,05.06.2014,35,14,22,23,08,04
0994,07.06.2014,31,17,30,38,33,26
0995,10.06.2014,39,41,28,10,15,25
0996,12.06.2014,04,33,17,27,41,23
0997,14.06.2014,05,15,11,08,37,01
0998,17.06.2014,33,38,24,14,27,18
0999,19.06.2014,33,30,32,35,05,06
1000,21.06.2014,21,38,14,12,17,26
1001,24.06.2014,26,04,23,05,36,29
1002,26.06.2014,30,16,18,31,13,27
1003,28.06.2014,27,01,29,04,06,18
1004,01.07.2014,39,22,30,06,32,37
1005,03.07.2014,40,30,06,04,02,22
1006,05.07.2014,39,21,11,27,08,37
1007,08.07.2014,17,26,38,15,04,37
1008,10.07.2014,26,33,20,31,18,23
1009,12.07.2014,23,39,34,03,38,32
1010,15.07.2014,19,01,17,31,12,07
1011,17.07.2014,31,36,02,04,21,34
1012,19.07.2014,26,35,29,03,15,42
1013,22.07.2014,31,23,40,18,21,04
1014,24.07.2014,37,16,05,24,03,15
1015,26.07.2014,26,38,33,41,06,11
1016,29.07.2014,36,40,04,28,10,33
1017,31.07.2014,09,17,35,23,29,22
1018,02.08.2014,09,19,31,36,05,21
1019,05.08.2014,24,03,39,18,13,36
1020,07.08.2014,21,22,03,26,31,38
1021,09.08.2014,16,38,31,17,37,41
1022,12.08.2014,33,31,05,11,40,20
1023,14.08.2014,34,32,27,29,20,05
1024,16.08.2014,40,22,08,26,19,38
1025,19.08.2014,28,02,01,40,17,32
1026,21.08.2014,38,32,27,34,35,12
1027,23.08.2014,16,28,13,15,09,08
1028,26.08.2014,34,28,07,24,01,42
1029,28.08.2014,42,07,35,24,38,30
1030,30.08.2014,10,12,28,05,17,09
1031,02.09.2014,22,29,04,40,28,08
1032,04.09.2014,01,29,04,41,28,24
1033,06.09.2014,27,42,40,39,21,15
1034,09.09.2014,36,20,01,24,13,12
1035,11.09.2014,19,39,30,25,22,20
1036,13.09.2014,29,41,07,22,16,28
1037,16.09.2014,18,20,26,35,03,22
1038,18.09.2014,41,35,02,19,37,04
1039,20.09.2014,29,24,01,02,08,20
1040,23.09.2014,07,08,42,20,26,36
1041,25.09.2014,40,37,10,01,21,12
1042,27.09.2014,39,41,01,31,38,25
1043,30.09.2014,25,15,42,01,20,30
1044,02.10.2014,40,09,36,31,21,41
1045,04.10.2014,35,11,32,10,01,34
1046,07.10.2014,16,14,24,35,19,25
1047,09.10.2014,07,06,26,17,01,11
1048,11.10.2014,34,12,04,15,33,35
1049,14.10.2014,37,02,34,12,19,07
1050,16.10.2014,02,35,19,12,39,04
1051,18.10.2014,10,03,42,38,20,15
1052,21.10.2014,13,30,28,09,42,05
1053,23.10.2014,41,23,17,14,02,04
1054,25.10.2014,40,07,14,37,05,06
1055,28.10.2014,11,32,19,26,14,10
1056,30.10.2014,32,28,14,12,40,27
1057,01.11.2014,11,08,37,30,09,21
1058,04.11.2014,xx,xx,xx,02,39,04
1059,06.11.2014,27,42,40,34,07,33
1060,08.11.2014,19,22,25,27,38,05
1061,11.11.2014,21,02,09,15,30,20
1062,13.11.2014,13,20,41,40,23,35
1063,15.11.2014,13,10,31,14,20,23
1064,18.11.2014,23,20,34,19,29,26
1065,20.11.2014,37,02,17,03,07,09
1066,22.11.2014,21,37,36,02,30,24
1067,25.11.2014,03,41,02,33,07,38
1068,27.11.2014,29,34,14,30,19,23
1069,29.11.2014,09,36,14,38,21,33
1070,02.12.2014,09,10,15,27,18,20
1071,04.12.2014,28,09,30,34,40,41
1072,06.12.2014,17,34,41,35,42,10
1073,09.12.2014,02,39,33,16,35,25
1074,11.12.2014,34,26,31,02,20,16
1075,13.12.2014,20,02,07,42,31,01
1076,16.12.2014,39,38,07,35,02,37
1077,18.12.2014,07,35,15,12,06,28
1078,20.12.2014,10,12,29,23,35,41
1079,23.12.2014,11,04,09,29,37,24
1080,27.12.2014,10,25,33,41,40,18
1081,30.12.2014,36,27,13,01,10,03
1082,03.01.2015,28,39,29,06,32,41
1083,06.01.2015,15,37,36,11,10,24
1084,08.01.2015,36,30,04,35,41,19
1085,10.01.2015,23,06,05,26,40,39
1086,13.01.2015,34,24,29,30,09,25
1087,15.01.2015,41,15,27,04,01,07
1088,17.01.2015,36,06,33,42,39,01
1089,20.01.2015,15,40,24,37,33,30
1090,22.01.2015,25,02,36,29,03,23
1091,24.01.2015,03,23,20,22,34,19
1092,27.01.2015,08,07,09,20,02,41
1093,29.01.2015,9,19,14,41,21,11
1094,31.01.2015,24,39,25,06,38,23
1095,03.02.2015,38,22,26,13,05,11
1096,05.02.2015,26,21,13,33,09,27
1097,07.02.2015,17,19,29,12,41,26
1098,10.02.2015,36,30,05,06,24,15
1099,12.02.2015,21,12,19,18,22,42
1100,14.02.2015,17,29,10,20,19,05
1101,17.02.2015,15,22,05,37,40,31
1102,19.02.2015,09,15,23,13,42,25
1103,21.02.2015,27,13,10,26,02,41
1104,24.02.2015,30,21,42,04,06,15
1105,26.02.2015,31,15,07,09,40,21
1106,28.02.2015,06,22,19,04,39,11
1107,03.03.2015,07,25,12,27,42,33
1108,05.03.2015,12,21,16,10,15,26
1109,07.03.2015,31,01,32,42,05,17
1110,10.03.2015,36,24,17,34,37,39
1111,12.03.2015,01,12,40,23,25,13
1112,14.03.2015,06,17,28,04,22,10
1113,19.03.2015,01,20,42,39,15,16
1114,21.03.2015,27,38,14,34,12,41
1115,26.03.2015,34,25,38,35,19,13
1116,28.03.2015,19,10,05,37,16,03
1117,31.03.2015,38,37,13,12,28,21
1118,07.04.2015,32,27,36,40,11,08
1119,09.04.2015,31,28,41,39,34,18
1120,11.04.2015,18,35,33,32,08,11
1121,14.04.2015,10,25,42,30,40,15
1122,16.04.2015,13,25,17,12,26,33
1123,17.03.2015,40,11,19,10,38,12
1124,24.03.2015,17,15,39,32,26,16
1125,18.04.2015,29,05,28,01,24,08
1126,21.04.2015,15,39,42,12,02,17
1127,23.04.2015,28,42,39,36,35,26
1128,25.04.2015,06,22,23,13,41,02
1129,28.04.2015,16,35,08,40,11,38
1130,30.04.2015,34,23,04,28,25,11
1131,02.05.2015,12,42,16,04,11,08
1132,05.05.2015,39,27,40,16,26,21
1133,07.05.2015,26,22,07,02,24,37
1134,09.05.2015,30,19,01,03,06,15
1135,12.05.2015,26,17,41,08,04,32
1136,14.05.2015,02,16,33,08,21,26
1137,16.05.2015,16,31,17,10,02,42
1138,19.05.2015,22,02,13,04,38,06
1139,21.05.2015,29,04,08,10,14,33
1140,23.05.2015,29,27,33,32,41,36
1141,26.05.2015,13,33,26,14,18,42
1142,28.05.2015,02,21,27,40,31,14
1143,30.05.2015,20,02,10,15,25,39
1144,02.06.2015,16,29,20,12,03,01
1145,04.06.2015,12,05,41,19,31,38
1146,06.06.2015,26,38,42,14,10,31
1147,09.06.2015,29,34,07,19,20,32
1148,11.06.2015,06,08,20,13,32,05
1149,13.06.2015,40,42,10,30,28,02
1150,16.06.2015,10,17,39,04,22,01
1151,18.06.2015,02,16,07,29,11,15
1152,20.06.2015,30,36,34,35,38,19
1153,23.06.2015,12,27,18,09,37,01
1154,25.06.2015,19,05,42,17,22,14
1155,27.06.2015,24,36,05,29,06,13
1156,30.06.2015,34,16,20,15,07,28
1157,02.07.2015,42,34,25,35,09,37
1158,04.07.2015,26,39,33,12,41,32
1159,07.07.2015,07,41,37,16,18,28
1160,09.07.2015,30,03,26,34,37,22
1161,11.07.2015,22,11,27,28,21,39
1162,14.07.2015,05,40,19,13,29,21
1163,16.07.2015,15,25,03,26,02,08
1164,18.07.2015,15,10,07,23,40,18
1165,21.07.2015,10,26,29,15,02,18
1166,23.07.2015,37,18,09,27,29,32
1167,25.07.2015,35,13,09,22,14,29
1168,28.07.2015,10,33,12,09,14,18
1169,30.07.2015,37,06,33,28,32,42
1170,01.08.2015,07,14,25,31,27,19
1171,04.08.2015,23,25,37,20,21,34
1172,06.08.2015,01,40,05,12,17,15
1173,08.08.2015,12,36,34,04,25,05
1174,11.08.2015,28,39,22,15,24,27
1175,13.08.2015,42,22,32,27,31,11
1176,15.08.2015,25,36,31,08,27,10
1177,18.08.2015,08,22,32,40,13,07
1178,20.08.2015,30,24,38,35,19,09
1179,22.08.2015,10,24,28,21,33,07
1180,25.08.2015,41,15,12,38,09,19
1181,27.08.2015,29,13,10,16,11,02
1182,29.08.2015,12,04,20,31,19,25
1183,01.09.2015,27,23,08,09,22,30
1184,03.09.2015,16,27,20,23,22,18
1185,05.09.2015,16,28,30,07,26,39
1186,08.09.2015,37,40,33,11,28,16
1187,12.09.2015,11,06,41,42,09,39
1188,15.09.2015,39,05,26,03,20,42
1189,17.09.2015,27,38,39,03,34,28
1190,19.09.2015,15,22,28,36,24,38
1191,22.09.2015,24,15,34,04,38,35
1192,24.09.2015,29,15,08,40,10,36
1193,26.09.2015,41,21,36,11,38,39
1194,29.09.2015,30,19,21,09,13,01
1195,01.10.2015,07,15,10,37,19,22
1196,03.10.2015,26,35,11,42,20,29
1197,06.10.2015,23,34,13,14,39,32
1198,08.10.2015,17,36,32,02,21,38
1199,10.10.2015,18,01,41,15,40,16
1200,13.10.2015,12,13,09,39,36,14
1201,15.10.2015,33,24,17,30,26,21
1202,17.10.2015,33,17,34,28,24,15
1203,20.10.2015,14,18,19,24,32,01
1204,22.10.2015,41,23,24,01,13,36
1205,24.10.2015,40,22,14,37,23,03
1206,27.10.2015,34,13,24,08,40,12
1207,29.10.2015,40,09,12,31,03,33
1208,31.10.2015,21,08,06,15,27,30
1209,03.11.2015,25,27,02,20,29,36
1210,05.11.2015,18,30,13,38,39,32
1211,07.11.2015,01,06,04,24,11,17
1212,10.11.2015,10,28,23,21,14,03
1213,12.11.2015,33,30,42,17,32,15
1214,14.11.2015,19,21,02,31,15,14
1215,17.11.2015,30,20,23,16,40,14
1216,19.11.2015,07,19,03,37,25,12
1217,21.11.2015,32,06,36,16,12,04
1218,24.11.2015,10,31,32,01,30,37
1219,26.11.2015,21,36,20,12,13,41
1220,28.11.2015,39,19,21,15,07,22
1221,01.12.2015,12,17,31,33,07,35
1222,03.12.2015,18,34,41,26,01,19
1223,05.12.2015,42,40,22,28,05,30
1224,08.12.2015,26,31,33,22,40,25
1225,10.09.2015,39,09,37,12,42,11
1226,10.12.2015,23,25,39,33,35,20
1227,12.12.2015,20,11,12,04,32,01
1228,15.12.2015,19,14,40,21,22,20
1229,17.12.2015,23,13,27,25,32,26
1230,19.12.2015,25,04,28,42,38,31
1231,22.12.2015,32,27,37,18,36,24
1232,24.12.2015,11,13,15,36,39,37
1233,26.12.2015,11,05,34,08,37,28
1234,29.12.2015,31,12,14,03,42,04
1235,31.12.2015,20,42,32,01,40,38
1236,02.01.2016,16,04,31,25,07,13
1237,05.01.2016,40,03,02,11,14,28
1238,07.01.2016,18,03,29,32,04,42
1239,09.01.2016,07,21,31,26,03,12
1240,12.01.2016,08,39,32,03,41,21
1241,14.01.2016,15,36,25,06,42,34
1242,16.01.2016,09,41,26,24,17,25
1243,19.01.2016,27,19,34,40,16,22
1244,21.01.2016,29,42,35,25,16,10
1245,23.01.2016,29,04,19,25,35,12
1246,26.01.2016,40,41,31,16,34,22
1247,28.01.2016,38,13,25,01,03,04
1248,30.01.2016,15,10,19,28,07,26
1249,02.02.2016,33,19,28,17,39,40
1250,04.02.2016,39,35,32,09,13,37
1251,06.02.2016,14,35,37,09,21,17
1252,09.02.2016,07,13,05,04,33,12
1253,11.02.2016,42,39,23,07,02,22
1254,13.02.2016,30,25,15,02,16,35
1255,16.02.2016,38,19,31,01,28,40
1256,18.02.2016,12,01,39,06,17,32
1257,20.02.2016,23,40,01,42,18,25
1258,23.02.2016,32,04,11,08,31,26
1259,25.02.2016,34,21,16,05,14,11
1260,27.02.2016,03,06,14,37,21,23
1261,01.03.2016,05,07,37,04,19,13
1262,03.03.2016,19,02,31,42,21,08
1263,05.03.2016,10,22,17,06,28,05
1264,08.03.2016,21,27,09,31,26,30
1265,10.03.2016,34,27,07,15,24,19
1266,12.03.2016,20,06,27,38,22,04
1267,15.03.2016,30,20,15,01,41,40
1268,17.03.2016,13,23,38,10,34,36
1269,19.03.2016,03,26,31,36,39,30
1270,22.03.2016,08,19,13,24,25,35
1271,29.03.2016,18,32,01,10,16,02
1272,31.03.2016,05,27,07,14,35,17
1273,02.04.2016,26,01,11,14,42,02
1274,05.04.2016,12,37,34,11,21,24
1275,07.04.2016,23,15,04,07,06,36
1276,09.04.2016,38,12,05,35,07,36
1277,12.04.2016,06,21,34,32,29,36
1278,14.04.2016,11,21,38,06,15,26
1279,16.04.2016,14,23,15,33,19,12
1280,19.04.2016,34,32,09,27,05,21
1281,21.04.2016,18,37,13,15,22,36
1282,23.04.2016,18,05,07,29,01,41
1283,26.04.2016,30,40,11,33,25,39
1284,28.04.2016,18,07,08,17,32,16
1285,30.04.2016,28,11,01,02,17,09
1286,03.05.2016,18,24,09,13,22,17
1287,05.05.2016,38,24,40,20,39,13
1288,07.05.2016,08,23,38,04,21,14
1289,10.05.2016,13,06,24,17,30,28
1290,12.05.2016,06,29,13,09,35,18
1291,14.05.2016,28,31,41,11,29,42
1292,17.05.2016,05,35,23,12,13,38
1293,19.05.2016,08,15,02,09,10,20
1294,21.05.2016,37,10,31,05,17,02
1295,24.05.2016,42,01,26,14,06,36
1296,26.05.2016,18,23,15,12,31,29
1297,28.05.2016,12,19,32,15,25,02
1298,31.05.2016,19,37,09,07,23,02
1299,02.06.2016,41,07,22,08,16,26
1300,04.06.2016,16,01,06,11,32,09
1301,07.06.2016,06,29,04,05,20,40
1302,09.06.2016,18,34,14,37,12,28
1303,11.06.2016,34,32,13,41,35,18
1304,14.06.2016,29,01,27,16,28,11
1305,16.06.2016,42,19,34,30,03,31
1306,18.06.2016,38,30,03,10,08,36
1307,21.06.2016,40,37,30,23,18,15
1308,23.06.2016,35,37,32,17,34,16
1309,25.06.2016,34,24,08,35,36,10
1310,28.06.2016,22,28,42,35,02,03
1311,30.06.2016,34,02,14,20,40,39
1312,02.07.2016,42,24,25,05,38,23
1313,05.07.2016,04,09,06,18,30,39
1314,07.07.2016,06,31,02,36,03,17
1315,09.07.2016,23,26,35,38,07,20
1316,12.07.2016,18,12,35,07,29,13
1317,14.07.2016,04,25,11,10,05,08
1318,16.07.2016,10,40,14,22,13,34
1319,19.07.2016,31,33,05,09,06,36
1320,21.07.2016,02,04,39,18,12,37
1321,23.07.2016,19,10,11,34,02,26
1322,26.07.2016,31,26,23,15,36,33
1323,28.07.2016,36,42,24,04,15,12
1324,30.07.2016,16,33,21,39,40,20
1325,02.08.2016,35,17,39,18,06,22
1326,04.08.2016,33,35,13,27,05,12
1327,06.08.2016,31,01,10,34,12,11
1328,09.08.2016,15,37,12,02,40,14
1329,11.08.2016,08,23,28,27,07,09
1330,13.08.2016,28,26,14,03,15,05
1331,16.08.2016,34,18,35,41,21,33
1332,18.08.2016,40,03,37,19,14,01
1333,20.08.2016,31,01,32,06,12,07
1334,23.08.2016,33,34,02,30,37,20
1335,25.08.2016,40,39,11,16,32,35
1336,27.08.2016,37,20,03,41,13,17
1337,30.08.2016,19,08,15,26,32,36
1338,01.09.2016,13,23,29,30,17,34
1339,03.09.2016,17,06,13,21,22,16
1340,06.09.2016,41,40,04,17,19,25
1341,08.09.2016,22,04,02,26,31,20
1342,10.09.2016,08,23,35,25,33,34
1343,13.09.2016,38,17,34,37,09,16
1344,15.09.2016,33,07,38,02,42,18
1345,17.09.2016,10,31,32,19,25,14
1346,20.09.2016,14,15,36,10,05,04
1347,22.09.2016,40,31,18,15,14,41
1348,24.09.2016,16,05,27,07,01,25
1349,27.09.2016,39,27,24,30,04,17
1350,29.09.2016,36,42,27,40,34,32
1351,01.10.2016,02,31,38,03,20,19
1352,04.10.2016,01,42,10,22,24,06
1353,06.10.2016,20,17,16,24,29,19
1354,08.10.2016,38,30,29,22,09,05
1355,11.10.2016,21,25,10,13,30,29
1356,13.10.2016,06,03,11,30,32,01
1357,15.10.2016,31,18,15,02,23,17
1358,18.10.2016,16,02,22,35,13,05
1359,20.10.2016,34,25,24,18,30,12
1360,22.10.2016,09,10,21,31,41,02
1361,25.10.2016,40,02,16,38,12,06
1362,27.10.2016,07,31,16,06,01,42
1363,29.10.2016,32,33,08,14,12,22
1364,01.11.2016,14,30,35,02,34,10
1365,03.11.2016,15,28,18,01,24,19
1366,05.11.2016,39,34,04,35,03,19
1367,08.11.2016,33,29,12,38,15,31
1368,10.11.2016,36,21,18,30,03,16
1369,12.11.2016,15,04,14,05,12,39
1370,15.11.2016,25,20,22,16,40,11
1371,17.11.2016,35,27,08,36,37,06
1372,19.11.2016,15,32,05,20,31,01
1373,22.11.2016,05,25,26,33,41,29
1374,24.11.2016,06,12,22,05,24,15
1375,26.11.2016,40,29,41,25,30,05
1376,29.11.2016,11,07,12,36,06,42
1377,01.12.2016,23,33,26,32,12,05
1378,03.12.2016,02,27,07,39,32,19
1379,06.12.2016,42,20,08,21,29,23
1380,08.12.2016,36,05,42,32,02,16
1381,10.12.2016,28,15,03,20,18,22
1382,13.12.2016,41,01,20,28,24,35
1383,15.12.2016,12,31,26,40,18,14
1384,17.12.2016,25,03,01,37,23,17
1385,20.12.2016,39,25,13,09,01,29
1386,22.12.2016,40,35,31,36,04,02
1387,24.12.2016,01,02,08,28,09,06
1388,27.12.2016,40,37,33,14,11,30
1389,29.12.2016,04,21,06,13,08,34
1390,31.12.2016,29,15,06,24,33,17
1391,03.01.2017,15,11,16,17,33,32
1392,05.01.2017,32,02,39,06,41,09
1393,07.01.2017,12,06,04,17,31,15
1394,10.01.2017,13,32,12,29,11,22
1395,12.01.2017,07,28,15,17,30,16
1396,14.01.2017,14,22,09,18,37,01
1397,17.01.2017,27,01,36,15,31,37
1398,19.01.2017,40,04,02,31,23,30
1399,21.01.2017,01,38,17,28,34,39
1400,24.01.2017,08,32,31,29,06,03
1401,26.01.2017,09,06,03,39,04,32
1402,28.01.2017,17,35,13,08,14,25
1403,31.01.2017,36,10,31,29,15,02
1404,02.02.2017,15,07,27,37,30,20
1405,04.02.2017,10,23,03,04,18,01
1406,07.02.2017,40,07,31,12,03,18
1407,09.02.2017,08,11,34,25,22,07
1408,11.02.2017,08,20,18,15,10,32
1409,14.02.2017,40,27,31,24,26,21
1410,16.02.2017,37,29,22,30,28,41
1411,18.02.2017,17,11,29,10,21,16
1412,21.02.2017,23,34,25,08,21,03
1413,23.02.2017,04,17,11,05,33,16
1414,25.02.2017,27,19,28,35,42,03
1415,28.02.2017,29,25,02,37,20,33
1416,02.03.2017,08,36,06,22,10,01
1417,04.03.2017,25,41,16,37,08,35
1418,07.03.2017,22,03,18,34,39,31
1419,09.03.2017,07,28,08,10,36,20
1420,11.03.2017,03,05,18,16,09,31
1421,14.03.2017,20,31,41,14,19,34
1422,16.03.2017,17,29,23,28,06,21
1423,18.03.2017,21,24,18,40,36,04
1424,21.03.2017,03,21,12,07,38,15
1425,23.03.2017,04,31,41,20,24,12
1426,25.03.2017,08,04,01,14,06,41
1427,28.03.2017,25,03,23,33,26,38
1428,30.03.2017,13,03,23,18,34,24
1429,01.04.2017,08,41,10,38,16,34
1430,04.04.2017,08,33,27,31,04,19
1431,06.04.2017,26,20,12,32,05,28
1432,08.04.2017,16,05,15,08,04,20
1433,11.04.2017,32,28,11,12,27,10
1434,18.04.2017,14,38,35,07,21,32
1435,20.04.2017,26,05,33,07,36,24
1436,22.04.2017,41,10,04,20,28,02
1437,25.04.2017,37,20,07,28,09,08
1438,27.04.2017,10,35,39,23,19,32
1439,29.04.2017,23,15,42,40,39,07
1440,02.05.2017,33,41,27,06,05,14
1441,04.05.2017,34,30,31,15,40,41
1442,06.05.2017,18,42,29,13,36,38
1443,09.05.2017,02,20,01,38,37,39
1444,11.05.2017,15,37,21,17,36,06
1445,13.05.2017,19,22,14,20,32,18
1446,16.05.2017,05,39,01,31,04,16
1447,18.05.2017,12,06,01,25,31,35
1448,20.05.2017,38,41,08,22,04,17
1449,23.05.2017,16,35,21,01,30,13
1450,25.05.2017,24,20,11,12,16,02
1451,27.05.2017,15,40,12,18,23,27
1452,30.05.2017,05,25,04,02,15,22
1453,01.06.2017,09,31,35,30,19,06
1454,03.06.2017,28,22,31,40,24,20
1455,06.06.2017,05,13,25,01,37,30
1456,08.06.2017,03,40,27,35,42,09
1457,10.06.2017,23,42,02,06,13,19
1458,13.06.2017,13,36,05,06,25,08
1459,15.06.2017,07,37,20,02,18,40
1460,17.06.2017,33,16,29,18,32,39
1461,20.06.2017,14,24,13,12,11,25
1462,22.06.2017,13,16,27,12,06,21
1463,24.06.2017,13,40,02,41,07,21
1464,27.06.2017,10,20,34,35,30,06
1465,29.06.2017,04,40,14,38,08,21
1466,01.07.2017,11,32,40,31,41,21
1467,04.07.2017,34,05,32,36,10,29
1468,06.07.2017,05,36,01,04,27,41
1469,08.07.2017,10,07,37,33,40,04
1470,11.07.2017,23,31,01,08,07,18
1471,13.07.2017,36,28,14,17,34,11
1472,15.07.2017,19,18,12,42,01,28
1473,18.07.2017,31,13,27,36,04,05
1474,20.07.2017,29,02,10,09,04,24
1475,22.07.2017,37,17,29,21,03,14
1476,25.07.2017,25,06,33,38,28,31
1477,27.07.2017,34,39,25,15,23,03
1478,29.07.2017,02,42,05,13,26,10
1479,01.08.2017,42,35,07,29,09,10
1480,03.08.2017,30,42,20,24,10,22
1481,05.08.2017,12,24,42,35,19,38
1482,08.08.2017,30,07,19,01,31,25
1483,10.08.2017,28,08,12,18,40,29
1484,12.08.2017,17,18,04,30,33,14
1485,15.08.2017,10,35,38,15,08,30
1486,17.08.2017,32,13,33,37,09,11
1487,19.08.2017,35,37,29,16,11,06
1488,22.08.2017,17,30,02,42,23,29
1489,24.08.2017,13,25,34,36,32,33
1490,26.08.2017,24,37,38,41,22,36
1491,29.08.2017,05,28,22,01,41,21
1492,31.08.2017,27,14,17,02,25,04
1493,02.09.2017,32,36,03,04,28,41
1494,05.09.2017,42,39,05,29,06,12
1495,07.09.2017,42,41,26,30,27,28
1496,09.09.2017,10,41,21,11,29,37
1497,12.09.2017,19,24,26,38,01,12
1498,14.09.2017,12,20,11,16,38,31
1499,16.09.2017,38,27,05,22,01,34
1500,19.09.2017,24,27,25,06,35,42
1501,21.09.2017,07,16,39,05,04,23
1502,23.09.2017,22,19,11,21,13,31
1503,26.09.2017,23,07,19,24,06,41
1504,28.09.2017,20,18,30,08,02,25
1505,30.09.2017,09,39,08,36,12,27
1506,03.10.2017,31,28,07,12,01,17
1507,05.10.2017,09,12,07,21,11,03
1508,07.10.2017,40,09,21,30,23,02
1509,10.10.2017,08,07,27,19,05,36
1510,12.10.2017,33,39,21,16,37,06
1511,14.10.2017,01,11,04,13,19,36
1512,17.10.2017,24,16,20,28,09,07
1513,19.10.2017,11,38,28,32,15,16
1514,21.10.2017,34,19,07,31,03,26
1515,24.10.2017,07,30,23,01,12,28
1516,26.10.2017,13,36,16,30,37,11
1517,28.10.2017,22,02,15,11,20,31
1518,31.10.2017,20,42,08,14,25,15
1519,02.11.2017,18,31,11,19,03,42
1520,04.11.2017,10,08,19,25,42,26
1521,07.11.2017,33,15,30,36,09,34
1522,09.11.2017,27,17,37,07,12,06
1523,11.11.2017,23,30,03,06,09,25
1524,14.11.2017,28,21,04,23,27,10
1525,16.11.2017,08,38,28,42,17,30
1526,18.11.2017,02,15,37,20,12,38
1527,21.11.2017,32,26,38,07,24,31
1528,23.11.2017,34,24,40,01,16,28
1529,25.11.2017,01,11,35,22,29,07
1530,28.11.2017,01,16,28,39,17,07
1531,30.11.2017,27,03,33,31,26,09
1532,02.12.2017,27,04,33,30,39,21
1533,05.12.2017,30,11,23,15,14,21
1534,07.12.2017,21,24,10,37,27,09
1535,09.12.2017,25,04,12,27,30,11
1536,12.12.2017,40,17,20,18,24,15
1537,14.12.2017,14,05,16,28,23,01
1538,16.12.2017,08,03,13,22,26,19
1539,19.12.2017,17,02,34,28,18,04
1540,21.12.2017,03,36,26,39,27,19
1541,23.12.2017,31,39,18,16,29,41
1542,26.12.2017,39,34,33,14,41,02
1543,28.12.2017,38,17,10,30,06,06
1544,30.12.2017,41,11,05,10,38,28
1545,02.01.2018,17,16,19,29,04,14
1546,04.01.2018,26,16,30,19,05,11
1547,06.01.2018,40,28,15,13,11,24
1548,09.01.2018,07,11,27,28,42,34
1549,11.01.2018,01,38,41,24,03,11
1550,13.01.2018,02,25,32,12,08,31
1551,16.01.2018,04,38,12,08,32,07
1552,18.01.2018,01,40,35,37,17,05
1553,20.01.2018,06,25,29,30,38,16
1554,23.01.2018,05,11,31,42,24,33
1555,25.01.2018,24,10,05,02,16,26
1556,27.01.2018,07,12,06,30,04,24
1557,30.01.2018,02,06,11,20,12,35
1558,01.02.2018,13,30,34,06,18,14
1559,03.02.2018,22,14,19,03,21,29
1560,06.02.2018,29,09,01,04,36,21
1561,08.02.2018,07,32,08,30,11,19
1562,10.02.2018,30,23,41,06,08,18
1563,13.02.2018,19,31,21,22,07,35
1564,15.02.2018,24,21,01,39,22,28
1565,17.02.2018,22,40,41,33,19,05
1566,20.02.2018,40,02,35,21,25,34
1567,22.02.2018,18,30,41,27,35,25
1568,24.02.2018,12,25,09,34,17,32
1569,27.02.2018,19,12,36,26,10,28
1570,01.03.2018,14,42,40,07,34,25
1571,03.03.2018,35,24,08,30,19,39
1572,06.03.2018,05,39,37,30,04,23
1573,08.03.2018,38,25,27,14,24,36
1574,10.03.2018,26,41,42,03,39,38
1575,13.03.2018,41,02,36,32,03,28
1576,15.03.2018,27,17,02,37,42,09
1577,17.03.2018,24,33,12,31,08,09
1578,20.03.2018,34,11,30,26,38,05
1579,22.03.2018,42,20,39,06,04,15
1580,24.03.2018,17,08,04,21,32,31
1581,27.03.2018,38,08,01,05,34,22
1582,03.04.2018,27,38,36,29,07,19	
0583,05.04.2018,08,40,22,20,31,03
0584,07.04.2018,36,26,30,11,18,16
0585,10.04.2018,31,39,02,25,34,11
0586,12.04.2018,33,09,12,32,29,27
0587,14.04.2018,18,41,29,10,35,03
0588,17.04.2018,06,41,42,04,30,39
0589,19.04.2018,31,29,11,14,23,16
0590,21.04.2018,04,11,33,14,12,39
0591,24.04.2018,03,23,41,12,08,25
0592,26.04.2018,32,04,13,22,23,41
0593,28.04.2018,37,42,03,22,35,02
0594,01.05.2018,31,14,12,17,36,28
0595,03.05.2018,23,22,25,26,12,01
0596,05.05.2018,15,05,39,24,01,12
0597,08.05.2018,04,26,23,38,17,07
0598,10.05.2018,03,09,18,37,10,41
0599,12.05.2018,15,40,24,25,16,39
0600,15.05.2018,42,38,10,13,40,03
0601,17.05.2018,18,05,33,14,30,06
0602,19.05.2018,16,38,18,08,04,29
0603,22.05.2018,11,30,26,33,29,08
0604,24.05.2018,30,29,15,02,37,27
0605,26.05.2018,16,13,38,34,21,23
0606,29.05.2018,14,33,01,13,28,40
0607,31.05.2018,31,03,36,15,24,30
0608,02.06.2018,23,35,24,25,29,17
0609,05.06.2018,26,24,01,17,41,30
0610,07.06.2018,11,29,36,33,35,27
0611,09.06.2018,21,22,30,37,40,12
0612,12.06.2018,36,20,35,30,05,14
0613,14.06.2018,03,02,21,10,36,24
0614,16.06.2018,08,41,23,38,02,29
0615,19.06.2018,30,32,34,24,39,11
0616,21.06.2018,30,01,23,39,16,08
0617,23.06.2018,08,27,32,20,40,42
0618,26.06.2018,27,15,07,39,26,19
0619,28.06.2018,30,16,35,01,23,34
0620,30.06.2018,06,38,42,39,20,27
0621,03.07.2018,21,32,19,13,42,41
0622,05.07.2018,04,15,34,27,29,30
0623,07.07.2018,36,02,11,07,39,33
0624,10.07.2018,16,32,27,40,31,24
0625,12.07.2018,39,22,13,30,12,35
0626,14.07.2018,08,33,35,26,12,31
0627,17.07.2018,31,30,12,37,34,28
0628,19.07.2018,41,09,13,36,39,30
0629,21.07.2018,31,33,29,17,06,39
0630,24.07.2018,34,07,01,04,32,14
0631,26.07.2018,08,22,02,35,33,12
0632,28.07.2018,28,13,09,33,37,42
0633,31.07.2018,38,40,05,23,32,02
0634,02.08.2018,14,39,08,36,26,16
0635,04.08.2018,40,01,11,28,05,22
0636,07.08.2018,19,22,01,32,13,24
0637,09.08.2018,02,16,18,41,29,35
0638,11.08.2018,27,29,39,37,07,20
0639,14.08.2018,36,08,39,26,30,32
0640,16.08.2018,23,30,10,36,18,15
0641,18.08.2018,34,06,25,38,14,01
0642,21.08.2018,16,08,09,20,38,28
0643,23.08.2018,15,13,16,01,36,22
0644,25.08.2018,26,35,28,22,23,30
0645,28.08.2018,22,04,07,13,24,18
0646,30.08.2018,09,14,29,38,16,34
0647,01.09.2018,36,13,10,06,03,14
0648,04.09.2018,15,36,02,30,24,42
0649,06.09.2018,37,15,13,01,06,04
0650,08.09.2018,13,21,23,26,10,35
0651,11.09.2018,17,31,14,02,38,21
0652,13.09.2018,30,14,05,35,03,09
0653,15.09.2018,17,38,39,37,42,24
0654,18.09.2018,05,41,16,07,35,11
0655,20.09.2018,15,32,16,07,09,24
0656,22.09.2018,11,01,28,34,33,22
0657,25.09.2018,19,42,14,08,22,09
0658,27.09.2018,20,25,10,17,42,18
0659,29.09.2018,37,03,24,09,02,12
0660,02.10.2018,21,34,19,22,04,32
0661,04.10.2018,26,28,02,29,35,27
0662,06.10.2018,31,17,21,11,29,01
0663,09.10.2018,33,11,32,29,12,18
0664,11.10.2018,20,33,22,07,14,11
0665,13.10.2018,06,34,40,10,32,02
0666,16.10.2018,14,04,25,10,29,32
0667,18.10.2018,39,18,08,16,17,01
0668,20.10.2018,39,14,37,02,32,04
0669,23.10.2018,20,29,27,31,03,19
0670,25.10.2018,35,31,03,41,30,05
0671,27.10.2018,03,21,31,05,15,01
0672,30.10.2018,31,14,06,08,01,19
0673,01.11.2018,39,12,26,30,16,10
0674,03.11.2018,19,41,08,07,29,25
0675,06.11.2018,19,02,31,10,08,22
0676,08.11.2018,10,18,27,37,26,14
0677,10.11.2018,12,02,32,28,22,42
0678,13.11.2018,38,09,18,25,03,39
0679,15.11.2018,18,33,10,38,32,25
0680,17.11.2018,41,05,32,29,24,27
0681,20.11.2018,20,28,30,23,16,29
0682,22.11.2018,16,20,34,01,40,41
0683,24.11.2018,25,32,19,29,17,28
0684,27.11.2018,06,39,20,10,01,26
0685,29.11.2018,19,41,04,13,05,38
0686,01.12.2018,15,26,11,23,24,01
0687,04.12.2018,23,15,26,32,08,17
0688,06.12.2018,24,20,05,41,16,34
0689,08.12.2018,08,15,13,29,07,40
0690,11.12.2018,27,02,22,13,03,09
0691,13.12.2018,38,11,36,08,14,19
0692,15.12.2018,41,15,10,18,23,11
0693,18.12.2018,40,41,32,29,04,33
0694,20.12.2018,31,34,26,27,41,32
0695,22.12.2018,22,09,07,08,35,26
0696,27.12.2018,09,13,36,02,20,27
0697,29.12.2018,36,04,19,12,15,21
0698,03.01.2019,39,22,04,16,35,05
0699,05.01.2019,12,42,08,23,01,19
0700,08.01.2019,17,32,16,27,12,22
0701,10.01.2019,30,28,12,41,14,04
0702,12.01.2019,23,29,31,32,42,25
0703,15.01.2019,04,31,19,20,24,08
0704,17.01.2019,19,29,42,40,23,04
0705,19.01.2019,42,13,04,07,19,22
0706,22.01.2019,26,15,03,13,36,10
0707,24.01.2019,19,29,11,01,04,12
0708,26.01.2019,42,36,12,01,41,35
0709,29.01.2019,27,37,08,20,14,06
0710,31.01.2019,06,36,28,09,03,13
0711,02.02.2019,19,36,04,31,30,05
0712,05.02.2019,28,31,15,24,11,36
0713,07.02.2019,14,23,18,27,07,40
0714,09.02.2019,12,21,03,05,15,20
0715,12.02.2019,37,05,36,04,06,40
0716,14.02.2019,41,15,01,38,39,14
0717,16.02.2019,39,16,42,33,03,23
0718,19.02.2019,01,15,24,08,06,03
0719,21.02.2019,41,24,33,13,11,14
0720,23.02.2019,22,21,33,31,23,40
0721,26.02.2019,33,22,16,17,10,26
0722,28.02.2019,21,31,11,19,01,13
0723,02.03.2019,14,32,37,22,20,27
0724,05.03.2019,01,42,11,25,26,35
0725,07.03.2019,14,24,29,33,34,35
0726,09.03.2019,23,36,07,10,41,15
0727,12.03.2019,20,29,19,31,40,39
0728,14.03.2019,14,27,05,42,26,25
0729,16.03.2019,41,32,07,27,22,06
0730,19.03.2019,19,33,29,36,13,37
0731,21.03.2019,27,39,23,18,40,25
0732,23.03.2019,10,01,09,35,16,19
0733,26.03.2019,26,38,42,41,31,40
0734,28.03.2019,15,20,35,36,13,38
0735,30.03.2019,02,06,35,13,15,21
0736,02.04.2019,36,08,34,20,37,05
0737,04.04.2019,32,25,19,37,03,16
0738,06.04.2019,03,09,15,12,18,42
0739,09.04.2019,38,35,16,04,03,31
0740,11.04.2019,09,20,17,27,18,39
0741,13.04.2019,16,35,07,41,12,26
0742,16.04.2019,23,27,09,34,02,41
0743,23.04.2019,31,18,37,20,22,16
0744,25.04.2019,24,38,36,27,09,05
0745,27.04.2019,08,21,20,31,12,38
0746,30.04.2019,18,33,19,17,26,25
0747,02.05.2019,34,13,28,20,18,23
0748,04.05.2019,16,14,40,05,09,22
0749,07.05.2019,27,41,02,30,06,17
0750,09.05.2019,42,08,07,35,17,28
0751,11.05.2019,37,38,07,18,21,23
0752,14.05.2019,05,22,32,08,06,09
0753,16.05.2019,08,09,30,18,22,38
0754,18.05.2019,24,23,34,35,06,37
0755,21.05.2019,19,34,25,01,04,13
0756,23.05.2019,37,28,09,21,33,13
0757,25.05.2019,04,02,09,19,34,07
0758,28.05.2019,15,18,32,30,08,06
0759,30.05.2019,16,04,26,09,30,32
0760,01.06.2019,19,32,25,06,09,40
0761,04.06.2019,37,04,09,41,21,14
0762,06.06.2019,37,20,17,36,34,12
0763,08.06.2019,08,25,40,05,07,11
0764,11.06.2019,07,36,35,27,19,08
0765,13.06.2019,17,32,12,02,19,01
0766,15.06.2019,25,40,42,31,37,03
0767,18.06.2019,09,02,42,01,20,04
0768,20.06.2019,08,29,42,06,25,36
0769,22.06.2019,39,27,01,09,21,23
0770,25.06.2019,40,17,20,26,21,28
0771,27.06.2019,19,31,28,20,16,03
0772,29.06.2019,26,28,07,18,13,10
0773,02.07.2019,18,08,31,16,28,37
0774,04.07.2019,25,01,05,19,22,38
0775,06.07.2019,29,12,35,11,10,17
0776,09.07.2019,04,22,12,38,03,01
0777,11.07.2019,10,07,05,24,34,25
0778,13.07.2019,34,28,07,02,08,15
0779,16.07.2019,36,25,39,19,18,38
0780,18.07.2019,29,16,14,25,19,38
0781,20.07.2019,23,38,08,01,05,24
0782,23.07.2019,07,22,01,30,04,32
0783,25.07.2019,03,22,27,13,10,32
0784,27.07.2019,31,17,16,05,09,32
0785,30.07.2019,30,09,22,41,35,11
0786,01.08.2019,01,02,39,14,18,31
0787,03.08.2019,19,26,14,16,20,24
0788,06.08.2019,27,23,41,38,03,07
0789,08.08.2019,13,31,26,37,14,18
0790,10.08.2019,18,23,29,34,21,39
0791,13.08.2019,13,26,25,03,39,12
0792,15.08.2019,16,06,33,37,27,21
0793,17.08.2019,10,22,38,13,30,40
0794,20.08.2019,19,16,15,07,08,23
0795,22.08.2019,26,35,21,19,29,28
0796,24.08.2019,14,36,17,13,10,02
0797,27.08.2019,06,03,41,24,19,18
0798,29.08.2019,08,07,40,11,05,42
0799,31.08.2019,36,33,21,41,22,35
0800,03.09.2019,32,06,09,24,18,04
0801,05.09.2019,16,15,40,20,39,19
0802,07.09.2019,40,28,31,17,34,10
0803,10.09.2019,24,07,09,36,23,06
0804,12.09.2019,37,03,17,25,30,31
0805,14.09.2019,42,33,26,38,34,03
0806,17.09.2019,18,42,37,03,05,04
0807,19.09.2019,23,21,07,33,34,39
0808,21.09.2019,26,32,42,31,06,03
0809,24.09.2019,35,34,06,33,16,25
0810,26.09.2019,06,19,21,17,36,04
0811,28.09.2019,26,27,37,07,24,25
0812,01.10.2019,22,27,11,23,21,36
0813,03.10.2019,16,35,31,33,06,27
0814,05.10.2019,30,17,04,37,26,32
0815,08.10.2019,20,24,18,30,26,34
0816,10.10.2019,09,18,13,10,27,42
0817,12.10.2019,19,14,09,07,15,28
0818,15.10.2019,21,27,39,23,38,10
0819,17.10.2019,26,17,07,13,10,40
0820,19.10.2019,25,42,26,10,03,38
0821,22.10.2019,07,05,23,16,31,41
0822,24.10.2019,38,14,31,15,42,11
0823,26.10.2019,23,39,34,16,18,42
0824,29.10.2019,38,28,42,26,05,25
0825,31.10.2019,39,06,12,05,14,42
0826,02.11.2019,04,36,38,08,29,34
0827,05.11.2019,35,18,28,32,38,23
0828,07.11.2019,05,13,24,42,33,36
0829,09.11.2019,27,14,15,26,11,10
0830,12.11.2019,16,24,07,10,27,17
0831,14.11.2019,14,25,34,30,05,18
0832,16.11.2019,08,20,34,09,26,31
0833,19.11.2019,03,02,40,41,05,09
0834,21.11.2019,07,22,16,19,15,21
0835,23.11.2019,03,22,05,28,23,01
0836,26.11.2019,38,40,06,35,07,15
0837,28.11.2019,10,34,02,04,38,40
0838,30.11.2019,13,40,01,11,14,37
0839,03.12.2019,26,23,12,01,34,17
0840,05.12.2019,30,40,35,02,01,12
0841,07.12.2019,09,17,20,34,06,31
0842,10.12.2019,35,10,33,01,30,05
0843,12.12.2019,10,14,04,03,31,37
0844,14.12.2019,37,10,42,19,01,25
0845,17.12.2019,02,33,30,42,06,20
0846,19.12.2019,11,02,06,26,22,33
0847,21.12.2019,24,32,18,39,12,28
0848,24.12.2019,17,19,38,14,15,31
0849,26.12.2019,05,17,19,04,20,25
0850,28.12.2019,05,37,23,38,04,31
0851,31.12.2019,22,16,38,40,20,25
0852,02.01.2020,42,31,01,17,16,20
0853,04.01.2020,39,27,05,14,09,08
0854,07.01.2020,02,35,12,14,31,27
0855,09.01.2020,11,40,31,30,28,18
0856,11.01.2020,16,17,05,30,29,21
0857,14.01.2020,40,39,20,33,13,34
0858,16.01.2020,20,15,14,13,21,11
0859,18.01.2020,12,18,35,10,42,05
0860,21.01.2020,07,09,11,37,19,36
0861,23.01.2020,25,40,09,04,02,22
0862,25.01.2020,20,10,34,38,41,31
0863,28.01.2020,11,14,24,38,20,16
0864,30.01.2020,31,30,16,40,37,38
0865,01.02.2020,05,17,29,10,09,18
0866,04.02.2020,20,24,25,31,03,08
0867,06.02.2020,05,19,09,30,25,35
0868,08.02.2020,20,37,22,35,14,24
0869,11.02.2020,23,15,03,11,22,40
0870,13.02.2020,15,27,36,08,41,11
0871,15.02.2020,38,18,28,15,25,27
0872,18.02.2020,32,18,06,14,05,10
0873,20.02.2020,41,37,23,17,05,08
0874,22.02.2020,16,04,38,39,05,37
0875,25.02.2020,22,16,42,03,05,38
0876,27.02.2020,34,32,16,07,29,05
0877,29.02.2020,24,39,23,10,42,08
0878,03.03.2020,25,39,40,07,05,09
0879,05.03.2020,17,24,14,39,15,20
0880,07.03.2020,14,17,11,05,03,09
0881,10.03.2020,10,28,32,33,36,21
0882,12.03.2020,17,30,13,41,27,25
0883,14.03.2020,38,08,32,24,21,27
0884,17.03.2020,38,09,42,30,08,34
0885,19.03.2020,01,14,41,29,07,36
0886,21.03.2020,12,36,38,21,31,23
0887,24.03.2020,33,16,07,05,17,32
0888,26.03.2020,30,26,08,02,33,37
0889,28.03.2020,35,03,07,34,08,22
0890,08.08.2020,40,32,27,22,06,07
0891,11.08.2020,10,34,16,12,24,20
0892,13.08.2020,14,38,16,10,31,06
0893,15.08.2020,04,24,38,06,39,18
0894,18.08.2020,04,33,03,11,38,28
0895,20.08.2020,27,10,07,37,14,25
0896,22.08.2020,02,11,21,40,12,15
0897,25.08.2020,25,38,37,39,15,17
0898,27.08.2020,20,23,03,14,19,05
0899,29.08.2020,21,39,12,16,42,31
0900,01.09.2020,29,24,21,15,36,34
0901,03.09.2020,03,11,06,19,33,10
0902,05.09.2020,32,18,09,25,35,42
0903,08.09.2020,05,16,39,41,25,11
0904,10.09.2020,17,02,10,07,18,29
0905,12.09.2020,32,21,07,39,19,29
0906,15.09.2020,18,25,10,28,22,27
0907,17.09.2020,29,02,05,12,41,14
0908,19.09.2020,24,23,10,07,31,40
0909,22.09.2020,40,16,09,35,05,10
0910,24.09.2020,38,09,07,18,29,12
0911,26.09.2020,06,17,23,22,39,13
0912,29.09.2020,24,31,03,36,02,33
0913,01.10.2020,22,33,23,05,16,14
0914,03.10.2020,42,31,39,22,36,19
0915,06.10.2020,22,41,35,42,34,14
0916,08.10.2020,37,21,23,36,02,41
0917,10.10.2020,10,30,33,29,41,16
0918,13.10.2020,31,29,23,10,16,04
0919,15.10.2020,17,37,04,18,35,19
0920,17.10.2020,27,10,14,15,38,19
0921,20.10.2020,31,12,38,03,28,29
0922,22.10.2020,20,02,37,25,18,06
0923,24.10.2020,07,36,11,31,35,14
0924,27.10.2020,07,14,01,23,42,25
0925,29.10.2020,04,40,07,01,12,27
0926,31.10.2020,26,27,40,21,01,41
0927,03.11.2020,24,02,23,15,31,39
0928,05.11.2020,21,20,04,27,32,10
0929,07.11.2020,04,39,36,20,01,28
0930,10.11.2020,13,04,33,14,27,01
0931,12.11.2020,13,10,30,05,07,41
0932,14.11.2020,29,39,41,27,23,09
0933,17.11.2020,18,02,07,05,26,30
0934,19.11.2020,14,34,23,05,15,22
0935,21.11.2020,13,42,03,31,02,22
0936,24.11.2020,24,19,41,09,39,29
0937,26.11.2020,22,27,36,14,21,29
0938,28.11.2020,06,22,28,32,30,12
0939,01.12.2020,13,28,09,34,25,19
0940,03.12.2020,25,23,05,20,39,03
0941,05.12.2020,39,02,18,13,12,06
0942,08.12.2020,12,39,16,02,24,36
0943,10.12.2020,01,21,15,32,24,41
0944,12.12.2020,22,32,03,37,28,08
0945,15.12.2020,18,36,17,37,35,11
0946,17.12.2020,20,11,05,22,39,25
0947,19.12.2020,11,34,06,42,15,33
0948,22.12.2020,04,01,28,05,27,33
0949,24.12.2020,16,41,09,14,33,28
0950,26.12.2020,37,23,34,24,15,22
0951,29.12.2020,11,25,23,09,31,39
0952,31.12.2020,24,25,13,06,34,42
0953,02.01.2021,35,23,07,08,09,39
0954,05.01.2021,27,36,25,31,34,07
0955,07.01.2021,16,03,11,26,25,09
0956,09.01.2021,08,33,09,25,34,17
0957,12.01.2021,38,33,01,40,27,06
0958,14.01.2021,22,04,30,17,33,01
0959,16.01.2021,28,09,21,40,29,32
0960,19.01.2021,22,13,27,35,16,02
0961,21.01.2021,32,01,10,06,41,35
0962,23.01.2021,05,02,12,26,28,04
0963,26.01.2021,03,09,23,41,19,24
0964,28.01.2021,18,35,30,29,26,19
0965,30.01.2021,22,18,16,20,13,30
0966,02.02.2021,38,25,37,12,09,18
0967,04.02.2021,27,13,03,19,37,10
0968,06.02.2021,20,07,30,18,05,17
0969,09.02.2021,13,17,20,02,05,26
0970,11.02.2021,16,30,03,12,21,23
0971,13.02.2021,30,41,04,08,27,33
0972,16.02.2021,37,36,05,10,08,16
0973,18.02.2021,30,01,17,38,42,18
0974,20.02.2021,37,02,31,26,15,38
0975,23.02.2021,01,39,40,37,24,04
0976,25.02.2021,04,24,08,02,12,17
0977,27.02.2021,26,18,35,37,23,29
0978,02.03.2021,25,02,18,38,12,28
0979,04.03.2021,19,04,30,25,24,14
0980,06.03.2021,28,24,25,32,20,29
0981,09.03.2021,15,28,38,04,36,42
0982,11.03.2021,38,18,04,39,20,32
0983,13.03.2021,28,25,15,04,38,17
0984,16.03.2021,34,30,19,15,38,24
0985,18.03.2021,20,01,19,23,29,33
0986,20.03.2021,02,32,22,17,37,21
0987,23.03.2021,22,21,25,12,31,15
0988,25.03.2021,27,04,17,31,39,16
0989,27.03.2021,38,25,32,09,10,04
0990,30.03.2021,13,24,39,40,02,09
0991,06.04.2021,21,33,23,18,03,12
0992,08.04.2021,11,19,02,26,16,39
0993,10.04.2021,12,16,06,14,37,36
0994,13.04.2021,14,26,07,18,05,37
0995,15.04.2021,42,10,21,33,22,41
0996,17.04.2021,37,32,02,22,03,20
0997,20.04.2021,35,30,10,09,05,25
0998,22.04.2021,12,24,39,17,21,19
0999,24.04.2021,19,18,35,09,37,01
1000,27.04.2021,15,31,41,02,19,25
1001,29.04.2021,19,32,27,05,13,40
1002,01.05.2021,41,11,12,35,06,05
1003,04.05.2021,08,14,29,22,02,06
1004,06.05.2021,41,14,34,23,19,02
1005,08.05.2021,15,36,03,24,06,08
1006,11.05.2021,22,14,26,11,04,41
1007,13.05.2021,32,40,20,12,05,42
1008,15.05.2021,14,29,21,40,13,27
1009,18.05.2021,02,26,20,07,22,32
1010,20.05.2021,09,15,28,36,02,42
1011,22.05.2021,35,36,33,14,04,37
1012,25.05.2021,15,26,01,29,40,36
1013,27.05.2021,05,39,31,11,21,25
1014,29.05.2021,27,41,24,13,26,23
1015,01.06.2021,20,24,11,37,26,31
1016,03.06.2021,24,40,01,32,06,14
1017,05.06.2021,21,05,09,03,01,12
1018,08.06.2021,01,07,32,42,22,38
1019,10.06.2021,35,15,42,27,13,17
1020,12.06.2021,16,01,35,09,41,06
1021,15.06.2021,38,26,05,21,39,33
1022,17.06.2021,42,41,21,06,09,08
1023,19.06.2021,23,02,31,20,06,28
1024,22.06.2021,13,29,14,35,23,07
1025,24.06.2021,06,04,34,32,01,36
1026,26.06.2021,36,22,08,30,15,14
1027,29.06.2021,07,04,32,24,41,02
1028,01.07.2021,09,02,20,26,01,32
1029,03.07.2021,15,03,35,25,39,27
1030,06.07.2021,32,17,31,12,39,07
1031,08.07.2021,18,14,32,17,25,34
1032,10.07.2021,01,04,17,33,03,27
1033,13.07.2021,06,25,36,21,39,28
1034,15.07.2021,34,39,29,20,36,19
1035,17.07.2021,32,27,08,34,09,21
1036,20.07.2021,15,31,24,10,40,17
1037,22.07.2021,04,09,41,33,20,29
1038,24.07.2021,30,12,19,31,34,39
1039,27.07.2021,38,04,08,42,41,18
1040,29.07.2021,07,35,21,33,12,29
1041,31.07.2021,06,11,39,28,07,29
1042,03.08.2021,14,36,26,25,29,16
1043,05.08.2021,11,33,08,29,07,19
1044,07.08.2021,24,37,15,26,22,31
1045,10.08.2021,15,10,12,41,02,29
1046,12.08.2021,20,09,15,13,33,40
1047,14.08.2021,32,14,02,22,17,42
1048,17.08.2021,29,32,03,34,25,19
1049,19.08.2021,20,33,26,15,04,11
1050,21.08.2021,01,05,41,26,03,09
1051,24.08.2021,17,09,34,05,42,08
1052,26.08.2021,41,17,33,34,01,15
1053,28.08.2021,21,25,41,02,17,29
1054,31.08.2021,27,16,03,37,01,31
1055,02.09.2021,15,07,40,35,23,14
1056,04.09.2021,30,26,41,16,14,09
1057,07.09.2021,40,01,07,25,30,02
1058,09.09.2021,10,40,19,23,17,06
1059,11.09.2021,15,19,41,34,07,35
1060,14.09.2021,08,06,02,12,35,27
1061,16.09.2021,02,28,33,31,13,12
1062,18.09.2021,18,29,12,02,30,08
1063,21.09.2021,24,42,36,40,34,20
1064,23.09.2021,03,10,33,15,34,27
1065,25.09.2021,35,07,15,17,09,34
1066,28.09.2021,10,06,02,09,18,29
1067,30.09.2021,28,23,40,11,07,08
1068,02.10.2021,16,12,04,36,22,17
1069,05.10.2021,18,10,24,36,15,27
1070,07.10.2021,17,13,37,38,07,09
1071,09.10.2021,28,33,19,18,30,12
1072,12.10.2021,14,04,30,02,33,22
1073,14.10.2021,23,25,15,03,16,32
1074,16.10.2021,03,15,11,25,22,16
1075,19.10.2021,26,25,28,39,16,32
1076,21.10.2021,15,33,22,38,07,26
1077,23.10.2021,42,03,41,19,01,07
1078,26.10.2021,29,13,04,32,26,25
1079,28.10.2021,37,09,25,14,28,04
1080,30.10.2021,26,05,42,32,15,19
1081,02.11.2021,30,15,36,20,04,29
1082,04.11.2021,35,34,14,22,06,33
1083,06.11.2021,24,27,29,08,22,04
1084,09.11.2021,01,22,21,26,19,16
1085,11.11.2021,38,15,35,25,21,16
1086,13.11.2021,09,25,35,21,15,37
1087,16.11.2021,35,27,04,34,31,17
1088,18.11.2021,19,30,23,11,42,36
1089,20.11.2021,15,12,10,38,17,01
1090,23.11.2021,35,19,36,40,04,24
1091,25.11.2021,38,41,21,28,02,13
1092,27.11.2021,07,13,05,30,24,12
1093,30.11.2021,10,14,31,09,01,33
1094,02.12.2021,30,04,09,21,05,20
1095,04.12.2021,21,11,19,08,42,04
1096,07.12.2021,11,15,08,04,01,36
1097,09.12.2021,18,39,38,11,28,03
1098,11.12.2021,30,05,25,23,32,41
1099,14.12.2021,06,02,23,28,05,17
1100,16.12.2021,25,13,07,31,22,40
1101,18.12.2021,29,35,08,39,17,10
1102,21.12.2021,05,18,35,07,33,40
1103,23.12.2021,13,03,08,27,15,12
1104,28.12.2021,27,23,38,40,17,24
1105,30.12.2021,14,41,29,13,32,02
1106,04.01.2022,12,16,08,11,01,18
1107,06.01.2022,23,01,09,24,12,07
1108,08.01.2022,32,41,15,25,18,22
1109,11.01.2022,35,28,25,36,31,03
1110,13.01.2022,18,15,33,27,07,14
1111,15.01.2022,18,28,16,32,29,10
1112,18.01.2022,23,16,30,36,19,38
1113,20.01.2022,15,05,17,07,20,33
1114,22.01.2022,08,09,15,36,35,34
1115,25.01.2022,24,26,06,39,20,35
1116,27.01.2022,03,27,36,28,12,08
1117,29.01.2022,33,27,19,35,42,14
1118,01.02.2022,20,15,04,34,06,18
1119,03.02.2022,32,17,18,24,30,33
1120,05.02.2022,30,20,15,09,23,22
1121,08.02.2022,08,28,18,23,19,39
1122,10.02.2022,38,26,13,37,15,39
1123,12.02.2022,07,24,25,12,15,32
1124,15.02.2022,23,05,37,04,26,41
1125,17.02.2022,02,01,39,14,38,24
1126,19.02.2022,37,29,31,30,21,17
1127,22.02.2022,13,03,06,30,21,19
1128,24.02.2022,12,29,15,03,06,20
1129,26.02.2022,02,16,28,10,37,15
1130,01.03.2022,42,18,16,14,24,11
1131,03.03.2022,10,28,31,30,33,40
1132,05.03.2022,18,34,33,39,11,36
1133,08.03.2022,36,32,42,15,28,12
1134,10.03.2022,10,18,35,28,22,13
1135,12.03.2022,25,24,18,03,41,19
1136,15.03.2022,30,18,40,32,06,14
1137,17.03.2022,22,05,20,01,25,07
1138,19.03.2022,17,18,19,20,08,33
1139,22.03.2022,34,36,07,41,40,17
1140,24.03.2022,30,42,23,36,37,07
1141,26.03.2022,25,41,35,39,14,26
1142,29.03.2022,35,37,08,26,04,20
1143,31.03.2022,27,17,19,16,33,36
1144,02.04.2022,16,38,19,18,25,34
1145,05.04.2022,31,22,37,04,34,05
1146,07.04.2022,42,36,27,25,33,22
1147,09.04.2022,16,27,09,31,07,14
1148,12.04.2022,04,26,28,02,05,03
1149,19.04.2022,10,11,08,30,29,26
1150,21.04.2022,29,35,12,36,07,03
1151,23.04.2022,21,37,28,22,39,02
1152,26.04.2022,18,15,17,24,33,10
1153,28.04.2022,39,24,33,06,42,25
1154,30.04.2022,17,25,21,33,39,04
1155,03.05.2022,07,22,19,20,40,10
1156,05.05.2022,19,07,04,41,23,09
1157,07.05.2022,14,24,08,16,22,37
1158,10.05.2022,07,13,18,02,28,37
1159,12.05.2022,15,20,33,37,10,02
1160,14.05.2022,19,25,18,33,10,31
1161,17.05.2022,13,08,15,33,37,22
1162,19.05.2022,24,40,18,03,08,34
1163,21.05.2022,37,34,32,35,08,36
1164,24.05.2022,13,29,26,11,12,34
1165,26.05.2022,34,41,04,29,19,18
1166,28.05.2022,09,17,23,11,13,30
1167,31.05.2022,25,20,29,07,21,02
1168,02.06.2022,28,36,14,37,13,03
1169,04.06.2022,24,35,04,07,22,02
1170,07.06.2022,22,09,38,36,42,13
1171,09.06.2022,39,33,18,01,24,36
1172,11.06.2022,02,20,34,40,27,22
1173,14.06.2022,42,38,21,06,01,41
1174,16.06.2022,33,31,13,41,25,18
1175,18.06.2022,08,15,11,23,36,33
1176,21.06.2022,07,18,12,17,06,14
1177,23.06.2022,24,05,13,39,06,40
1178,25.06.2022,27,24,40,14,39,04
1179,28.06.2022,18,31,26,08,23,29
1180,30.06.2022,31,38,13,20,14,18
1181,02.07.2022,17,10,15,09,35,01
1182,05.07.2022,06,18,17,11,31,29
1183,07.07.2022,09,10,42,08,13,41
1184,09.07.2022,27,18,26,13,02,03
1185,12.07.2022,09,33,35,12,31,08
1186,14.07.2022,13,08,42,03,02,15
1187,16.07.2022,41,32,31,04,08,38
1188,19.07.2022,18,09,16,12,36,14
1189,21.07.2022,40,19,16,07,10,21
1190,23.07.2022,17,11,23,21,05,25
1191,26.07.2022,24,30,32,37,02,05
1192,28.07.2022,37,22,25,08,26,15
1193,30.07.2022,14,33,32,11,12,15
1194,02.08.2022,01,14,26,29,27,18
1195,04.08.2022,29,32,12,23,01,21
1196,06.08.2022,04,31,37,20,05,39
1197,09.08.2022,42,19,15,40,03,33
1198,11.08.2022,42,18,26,35,02,19
1199,13.08.2022,26,12,20,24,39,41
1200,16.08.2022,13,19,12,05,08,25
1201,18.08.2022,25,33,12,07,05,18
1202,20.08.2022,35,01,34,18,28,31
1203,23.08.2022,36,14,28,12,23,33
1204,25.08.2022,01,42,40,20,25,16
1205,27.08.2022,21,25,33,32,18,23
1206,30.08.2022,27,33,22,11,25,38
1207,01.09.2022,15,36,07,10,18,06
1208,03.09.2022,40,42,03,41,19,14
1209,06.09.2022,04,36,13,42,30,21
1210,08.09.2022,27,41,31,35,33,36
1211,10.09.2022,31,11,02,23,19,34
1212,13.09.2022,40,15,35,20,28,23
1213,15.09.2022,32,23,41,04,25,21
1214,17.09.2022,10,09,03,30,38,32
1215,20.09.2022,31,27,17,21,18,09
1216,22.09.2022,17,23,35,18,24,19
1217,24.09.2022,14,05,27,15,24,13
1218,27.09.2022,32,22,19,20,11,27
1219,29.09.2022,26,40,37,38,34,17
1220,01.10.2022,37,42,14,09,13,04
1221,04.10.2022,40,38,35,32,29,06
1222,06.10.2022,10,09,14,16,28,39
1223,08.10.2022,39,42,23,33,32,12
1224,11.10.2022,02,08,23,40,21,06
1225,13.10.2022,20,39,06,19,35,31
1226,15.10.2022,31,20,17,19,09,29
1227,18.10.2022,42,35,04,27,05,37
1228,20.10.2022,33,01,02,22,19,25
1229,22.10.2022,34,20,31,39,22,03
1230,25.10.2022,28,10,30,08,01,16
1231,27.10.2022,01,03,09,24,19,40
1232,29.10.2022,23,13,31,37,02,25
1233,01.11.2022,07,36,09,37,39,08
1234,03.11.2022,10,21,28,33,13,05
1235,05.11.2022,31,32,08,25,29,14
1236,08.11.2022,09,06,29,07,05,19
1237,10.11.2022,32,31,15,41,17,40
1238,12.11.2022,02,01,25,32,16,30
1239,15.11.2022,04,28,36,16,40,13
1240,17.11.2022,01,33,03,37,02,13
1241,19.11.2022,34,14,29,19,28,36
1242,22.11.2022,05,26,32,08,13,09
1243,24.11.2022,40,36,30,33,27,25
1244,26.11.2022,14,42,28,20,37,26
1245,29.11.2022,15,37,19,38,16,18
1246,01.12.2022,24,03,18,20,28,04
1247,03.12.2022,19,32,22,34,10,09
1248,06.12.2022,08,19,29,25,02,41
1249,08.12.2022,11,39,10,09,22,29
1250,10.12.2022,15,07,28,16,13,04
1251,13.12.2022,03,33,34,02,30,31
1252,15.12.2022,18,28,01,27,21,29
1253,17.12.2022,03,17,38,23,41,04
1254,20.12.2022,42,13,09,15,24,32
1255,22.12.2022,08,41,33,16,05,19
1256,24.12.2022,42,17,04,40,08,09
1257,27.12.2022,37,16,26,03,42,10
1258,29.12.2022,27,05,26,31,19,09
1259,31.12.2022,01,21,27,03,07,17
1260,03.01.2023,40,25,28,13,36,39
1261,05.01.2023,36,37,32,15,39,09
1262,07.01.2023,18,13,39,35,06,05
1263,10.01.2023,16,08,01,29,04,26
1264,12.01.2023,07,42,20,05,33,31
1265,14.01.2023,41,12,31,37,34,05
1266,17.01.2023,34,24,02,06,33,07
1267,19.01.2023,23,05,29,01,31,11
1268,21.01.2023,15,19,25,09,32,11
1269,24.01.2023,14,40,30,35,42,03
1270,26.01.2023,05,12,18,24,04,17
1271,28.01.2023,14,01,26,37,20,23
1272,31.01.2023,31,41,29,25,20,08
1273,02.02.2023,02,27,16,29,04,19
1274,04.02.2023,24,30,01,27,04,23
1275,07.02.2023,30,21,14,27,22,42
1276,09.02.2023,21,18,28,20,26,17
1277,11.02.2023,01,35,21,39,34,19
1278,14.02.2023,26,16,13,10,39,19
1279,16.02.2023,42,31,38,35,02,27
1280,18.02.2023,20,25,21,33,39,36
1281,21.02.2023,36,16,39,30,41,03
1282,23.02.2023,26,02,20,41,21,40
1283,25.02.2023,37,32,28,09,34,19
1284,28.02.2023,26,14,11,08,07,22
1285,02.03.2023,21,09,23,28,19,36
1286,04.03.2023,03,06,26,37,35,18
1287,07.03.2023,34,42,03,07,16,05
1288,09.03.2023,06,18,26,29,17,11
1289,11.03.2023,03,09,12,33,22,18
1290,14.03.2023,30,38,02,36,29,13
1291,16.03.2023,15,18,21,17,34,35
1292,18.03.2023,37,34,35,13,08,12
1293,21.03.2023,03,02,13,19,23,24
1294,23.03.2023,33,16,05,22,15,37
1295,25.03.2023,20,33,17,39,34,07
1296,28.03.2023,05,35,42,02,22,20
1297,30.03.2023,13,38,37,22,20,42
1298,01.04.2023,25,03,40,13,10,31
1299,04.04.2023,42,04,33,37,16,36
1300,11.04.2023,24,34,07,16,31,33
1301,13.04.2023,42,30,05,19,04,37
1302,15.04.2023,23,19,24,42,13,16
1303,18.04.2023,42,21,01,36,23,37
1304,20.04.2023,35,39,16,01,34,17
1305,22.04.2023,18,40,03,15,24,27
1306,25.04.2023,40,16,24,03,02,05
1307,27.04.2023,42,11,35,36,38,09
1308,29.04.2023,31,27,24,20,08,13
1309,02.05.2023,11,42,28,06,08,32
1310,04.05.2023,06,01,04,11,19,22
1311,06.05.2023,26,02,24,35,04,28
1312,09.05.2023,23,19,24,11,31,41
1313,11.05.2023,36,07,19,26,08,01
1314,13.05.2023,13,22,02,33,38,09
1315,16.05.2023,25,41,28,04,09,01
1316,18.05.2023,15,05,41,21,01,27
1317,20.05.2023,21,39,22,18,02,36
1318,23.05.2023,41,16,36,22,24,37
1319,25.05.2023,35,15,41,18,37,21
1320,27.05.2023,23,38,37,34,05,21
1321,30.05.2023,39,15,08,07,19,27
1322,01.06.2023,26,06,37,29,23,40
1323,03.06.2023,10,03,12,20,07,28
1324,06.06.2023,24,30,25,03,15,04
1325,08.06.2023,06,11,36,41,40,07
1326,10.06.2023,12,37,38,19,39,21
1327,13.06.2023,36,16,08,32,09,40
1328,15.06.2023,02,29,10,27,26,14
1329,17.06.2023,10,08,21,13,35,26
1330,20.06.2023,14,21,08,36,23,10
1331,22.06.2023,19,26,32,09,38,31
1332,24.06.2023,27,15,06,37,20,33
1333,27.06.2023,28,27,20,19,16,39
1334,29.06.2023,06,38,09,18,04,37
1335,01.07.2023,18,25,12,14,13,22
1336,04.07.2023,10,19,31,27,18,25
1337,06.07.2023,39,05,29,08,33,41
1338,08.07.2023,03,28,12,26,08,21
1339,11.07.2023,23,07,36,19,21,41
1340,13.07.2023,14,38,36,10,02,13
1341,15.07.2023,36,16,18,35,05,39
1342,18.07.2023,04,14,18,36,27,07
1343,20.07.2023,28,23,22,18,19,36
1344,22.07.2023,14,27,19,26,08,38
1345,25.07.2023,07,12,13,37,36,29
1346,27.07.2023,19,29,12,05,13,34
