0001,03.01.2007,02,09,11,27,32,34
0002,05.01.2007,xx,xx,xx,xx,27,29
0003,08.01.2007,07,09,24,39,41,43
0004,10.01.2007,08,10,25,26,40,41
0005,12.01.2007,05,06,25,26,29,30
0006,15.01.2007,15,16,17,18,25,28
0007,17.01.2007,06,15,16,20,29,37
0008,19.01.2007,09,18,31,40,42,45
0009,22.01.2007,20,27,28,29,32,45
0010,24.01.2007,25,32,37,38,41,43
0011,26.01.2007,xx,xx,xx,xx,13,22
0012,29.01.2007,14,23,34,35,37,39
0013,31.01.2007,12,13,14,23,27,44
0014,02.02.2007,12,15,20,24,44,45
0015,05.02.2007,08,09,16,37,39,44
0016,07.02.2007,10,18,26,29,34,40
0017,09.02.2007,08,09,23,41,44,45
0018,12.02.2007,04,12,21,22,37,42
0019,14.02.2007,19,22,27,30,37,38
0020,16.02.2007,10,11,15,20,34,43
0021,19.02.2007,01,05,23,24,32,41
0022,21.02.2007,02,17,33,34,39,42
0023,23.02.2007,04,10,11,16,37,41
0024,26.02.2007,xx,xx,xx,xx,29,30
0025,28.02.2007,05,11,18,20,26,27
0026,02.03.2007,07,11,16,30,34,44
0027,05.03.2007,02,05,13,14,20,45
0028,07.03.2007,04,24,25,26,38,44
0029,09.03.2007,03,04,22,24,26,27
0030,12.03.2007,01,06,18,23,30,42
0031,14.03.2007,09,11,18,27,34,45
0032,16.03.2007,02,07,22,23,25,28
0033,19.03.2007,03,05,08,09,12,34
0034,21.03.2007,02,04,19,20,21,30
0035,23.03.2007,xx,xx,xx,xx,28,38
0036,26.03.2007,06,13,24,28,40,42
0037,28.03.2007,25,26,29,31,35,36
0038,30.03.2007,01,07,10,15,17,20
0039,02.04.2007,03,22,23,25,26,29
0040,04.04.2007,09,10,14,30,42,45
0041,09.04.2007,08,16,20,30,33,41
0042,11.04.2007,10,19,24,27,33,36
0043,13.04.2007,01,09,25,27,42,43
0044,16.04.2007,02,04,11,12,24,37
0045,18.04.2007,01,08,20,25,28,45
0046,20.04.2007,20,22,25,29,30,31
0047,23.04.2007,07,10,18,33,38,43
0048,25.04.2007,07,10,21,24,29,33
0049,27.04.2007,05,07,11,26,33,43
0050,30.04.2007,10,15,21,22,30,32
0051,02.05.2007,13,17,21,26,31,43
0052,04.05.2007,22,24,32,42,43,45
0053,07.05.2007,06,09,23,24,26,27
0054,09.05.2007,08,21,22,27,40,41
0055,11.05.2007,14,17,20,21,25,39
0056,14.05.2007,05,08,16,37,44,45
0057,16.05.2007,15,22,32,34,42,43
0058,18.05.2007,07,12,13,18,22,32
0059,21.05.2007,xx,xx,xx,xx,36,38
0060,23.05.2007,02,03,22,23,31,42
0061,25.05.2007,03,06,11,12,25,35
0062,28.05.2007,04,09,14,16,20,42
0063,30.05.2007,04,09,10,22,27,32
0064,01.06.2007,11,12,20,24,25,33
0065,04.06.2007,02,09,16,21,32,37
0066,06.06.2007,08,10,12,18,41,45
0067,08.06.2007,06,18,27,33,42,45
0068,11.06.2007,01,10,11,31,32,33
0069,13.06.2007,13,17,24,30,31,44
0070,15.06.2007,03,04,28,41,43,45
0071,18.06.2007,01,09,23,39,42,45
0072,20.06.2007,07,10,12,21,23,40
0073,22.06.2007,07,22,23,28,36,43
0074,25.06.2007,06,10,18,40,41,45
0075,27.06.2007,15,22,32,34,39,43
0076,29.06.2007,06,07,10,28,34,37
0077,02.07.2007,01,09,16,24,32,42
0078,04.07.2007,09,30,31,32,34,44
0079,06.07.2007,02,07,12,14,17,37
0080,09.07.2007,03,18,20,27,33,37
0081,11.07.2007,08,21,28,29,33,43
0082,13.07.2007,01,02,05,06,09,16
0083,16.07.2007,xx,xx,xx,xx,24,34
0084,18.07.2007,04,10,30,39,44,45
0085,20.07.2007,10,24,26,27,34,38
0086,23.07.2007,09,11,13,20,24,36
0087,25.07.2007,14,15,20,26,33,34
0088,27.07.2007,03,15,22,34,36,45
0089,30.07.2007,15,26,28,34,38,40
0090,01.08.2007,08,13,34,37,38,45
0091,03.08.2007,04,27,30,34,38,43
0092,06.08.2007,xx,xx,xx,xx,38,44
0093,08.08.2007,01,17,20,23,28,34
0094,10.08.2007,10,14,18,26,33,39
0095,13.08.2007,05,15,17,19,24,25
0096,15.08.2007,06,12,15,23,29,38
0097,17.08.2007,09,13,17,20,24,40
0098,20.08.2007,07,11,17,24,27,41
0099,22.08.2007,07,10,15,18,33,34
0100,24.08.2007,16,26,36,41,42,45
0101,27.08.2007,04,17,18,23,32,36
0102,29.08.2007,06,12,19,20,40,43
0103,31.08.2007,05,25,27,33,34,45
0104,03.09.2007,13,15,16,17,19,28
0105,05.09.2007,06,13,20,25,35,36
0106,07.09.2007,07,15,23,29,36,42
0107,10.09.2007,15,27,33,35,37,39
0108,12.09.2007,12,26,27,39,42,44
0109,14.09.2007,08,12,20,28,38,40
0110,17.09.2007,02,16,19,25,35,43
0111,19.09.2007,06,14,28,34,35,39
0112,21.09.2007,02,07,12,18,19,36
0113,24.09.2007,13,22,25,31,32,45
0114,26.09.2007,xx,xx,xx,xx,29,35
0115,28.09.2007,xx,xx,xx,xx,24,39
0116,01.10.2007,01,11,26,30,31,45
0117,03.10.2007,10,16,23,24,29,44
0118,05.10.2007,05,13,14,15,25,43
0119,08.10.2007,03,18,25,26,29,30
0120,10.10.2007,01,03,18,23,25,30
0121,12.10.2007,07,22,27,29,39,40
0122,15.10.2007,02,08,13,16,17,43
0123,17.10.2007,06,13,21,29,30,35
0124,19.10.2007,04,21,34,36,37,43
0125,22.10.2007,01,04,17,24,28,29
0126,24.10.2007,05,10,29,32,36,40
0127,26.10.2007,02,23,26,27,32,39
0128,29.10.2007,01,04,10,13,15,37
0129,31.10.2007,08,10,12,14,24,41
0130,02.11.2007,03,23,25,26,29,36
0131,05.11.2007,03,04,12,14,18,26
0132,07.11.2007,xx,xx,xx,xx,32,40
0133,09.11.2007,10,22,27,28,29,34
0134,12.11.2007,11,14,18,23,39,44
0135,14.11.2007,01,03,23,33,44,45
0136,16.11.2007,01,08,16,27,29,42
0137,19.11.2007,01,14,15,18,36,37
0138,21.11.2007,07,12,14,28,38,43
0139,23.11.2007,14,18,38,40,42,45
0140,26.11.2007,10,12,16,24,39,44
0141,28.11.2007,13,15,19,26,28,37
0142,30.11.2007,15,19,25,27,33,41
0143,03.12.2007,05,19,27,38,39,42
0144,05.12.2007,xx,xx,xx,xx,37,38
0145,07.12.2007,01,06,15,29,30,37
0146,10.12.2007,11,14,20,31,36,40
0147,12.12.2007,04,18,25,28,42,43
0148,14.12.2007,12,20,23,25,32,38
0149,17.12.2007,06,16,19,22,36,41
0150,21.12.2007,16,20,27,28,35,36
0151,19.12.2007,01,16,18,30,39,43
0152,24.12.2007,12,15,22,27,30,44
0153,26.12.2007,02,05,19,30,37,44
0154,28.12.2007,04,13,14,21,36,44
0155,31.12.2007,01,06,14,15,16,39
0156,02.01.2008,01,05,24,30,35,36
0157,04.01.2008,25,27,32,34,37,42
0158,07.01.2008,11,17,18,22,33,41
0159,09.01.2008,03,10,16,21,38,43
0160,11.01.2008,09,12,20,26,30,39
0161,14.01.2008,03,19,25,27,31,32
0162,16.01.2008,10,15,18,19,29,33
0163,18.01.2008,10,11,17,26,38,45
0164,21.01.2008,03,26,28,33,38,43
0165,23.01.2008,xx,xx,xx,xx,20,37
0166,25.01.2008,02,05,10,34,40,42
0167,28.01.2008,07,14,15,18,25,40
0168,30.01.2008,11,23,25,29,31,36
0169,01.02.2008,13,14,15,18,21,45
0170,04.02.2008,04,09,21,25,26,41
0171,06.02.2008,05,07,24,26,32,38
0172,08.02.2008,xx,xx,xx,xx,35,44
0173,11.02.2008,04,12,13,19,33,42
0174,13.02.2008,03,05,27,30,32,43
0175,15.02.2008,09,17,31,38,43,45
0176,18.02.2008,03,08,25,29,34,38
0177,20.02.2008,05,11,17,20,29,32
0178,22.02.2008,05,06,10,19,24,43
0179,25.02.2008,03,09,14,16,22,33
0180,27.02.2008,05,12,17,25,30,45
0181,29.02.2008,04,18,32,35,38,40
0182,03.03.2008,08,09,20,22,31,33
0183,05.03.2008,xx,xx,xx,xx,33,34
0184,07.03.2008,06,16,17,20,26,35
0185,10.03.2008,07,08,13,15,28,38
0186,12.03.2008,09,34,35,36,37,41
0187,14.03.2008,07,18,19,23,24,25
0188,17.03.2008,16,19,29,34,36,44
0189,19.03.2008,10,19,30,36,40,45
0190,24.03.2008,03,04,15,18,22,32
0191,26.03.2008,11,17,20,22,33,45
0192,28.03.2008,11,13,14,20,25,43
0193,31.03.2008,09,16,20,21,35,37
0194,02.04.2008,04,14,16,18,29,33
0195,04.04.2008,02,14,19,33,40,45
0196,07.04.2008,01,06,10,18,28,38
0197,09.04.2008,01,06,18,21,32,34
0198,11.04.2008,12,19,20,32,36,37
0199,14.04.2008,13,18,21,27,30,32
0200,16.04.2008,06,13,17,21,32,45
0201,18.04.2008,13,14,20,25,37,44
0202,21.04.2008,19,28,33,36,39,44
0203,23.04.2008,03,06,10,21,27,44
0204,25.04.2008,01,14,17,23,25,42
0205,28.04.2008,03,07,11,35,41,43
0206,30.04.2008,06,12,19,23,24,37
0207,02.05.2008,01,08,17,23,27,30
0208,05.05.2008,09,22,26,32,41,45
0209,07.05.2008,12,26,27,35,37,41
0210,09.05.2008,04,14,19,34,40,41
0211,12.05.2008,04,07,10,18,35,43
0212,14.05.2008,07,08,17,22,33,42
0213,16.05.2008,13,26,37,40,42,43
0214,19.05.2008,09,15,20,27,30,32
0215,21.05.2008,02,25,29,35,37,41
0216,23.05.2008,08,20,21,22,30,33
0217,26.05.2008,xx,xx,xx,xx,37,44
0218,28.05.2008,02,06,17,18,23,39
0219,30.05.2008,11,14,19,29,39,44
0220,02.06.2008,07,17,25,26,33,36
0221,04.06.2008,05,06,12,22,30,32
0222,06.06.2008,06,16,30,34,41,43
0223,09.06.2008,06,08,20,36,39,44
0224,11.06.2008,16,18,23,28,32,39
0225,13.06.2008,02,06,22,34,35,39
0226,16.06.2008,03,07,21,22,24,26
0227,18.06.2008,10,34,32,25,11,44
0228,20.06.2008,08,41,42,30,17,37
0229,23.06.2008,29,22,05,23,44,12
0230,25.06.2008,45,08,24,26,15,38
0231,27.06.2008,44,03,11,18,25,13
0232,30.06.2008,29,31,39,42,44,11
0233,02.07.2008,18,14,32,01,03,38
0234,04.07.2008,31,28,26,39,12,42
0235,07.07.2008,23,22,30,02,18,19
0236,09.07.2008,13,30,11,10,08,16
0237,11.07.2008,13,16,24,31,17,08
0238,14.07.2008,25,35,10,27,15,08
0239,16.07.2008,36,28,03,35,30,12
0240,18.07.2008,15,07,29,09,16,43
0241,21.07.2008,04,14,20,37,02,18
0242,23.07.2008,06,31,33,12,18,11
0243,25.07.2008,23,05,19,11,31,44
0244,28.07.2008,04,21,08,24,07,42
0245,30.07.2008,35,25,24,23,34,44
0246,01.08.2008,36,19,29,43,02,17
0247,04.08.2008,43,11,32,40,16,02
0248,06.08.2008,03,23,42,11,05,15
0249,08.08.2008,14,45,16,19,04,21
0250,11.08.2008,17,01,11,42,15,33
0251,13.08.2008,04,34,37,19,17,42
0252,15.08.2008,28,12,18,27,10,38
0253,18.08.2008,19,06,15,37,25,31
0254,20.08.2008,40,22,44,18,36,17
0255,22.08.2008,30,17,34,28,16,05
0256,25.08.2008,22,02,03,42,13,17
0257,27.08.2008,18,01,42,15,43,20
0258,29.08.2008,16,34,36,19,42,43
0259,01.09.2008,14,13,45,41,15,19
0260,03.09.2008,15,32,26,25,11,27
0261,05.09.2008,26,37,34,20,03,25
0262,08.09.2008,27,24,37,19,02,39
0263,10.09.2008,42,25,22,35,41,15
0264,12.09.2008,06,36,20,30,16,02
0265,15.09.2008,03,15,21,06,32,09
0266,17.09.2008,19,15,43,17,24,18
0267,19.09.2008,39,10,32,09,28,22
0268,22.09.2008,32,04,31,42,11,30
0269,24.09.2008,29,15,19,05,30,43
0270,26.09.2008,02,33,07,23,27,43
0271,29.09.2008,08,37,10,24,26,09
0272,01.10.2008,03,09,07,38,26,06
0273,03.10.2008,35,22,19,31,13,05
0274,06.10.2008,10,14,33,32,38,37
0275,08.10.2008,44,08,25,32,37,42
0276,10.10.2008,05,09,30,32,36,07
0277,13.10.2008,24,28,02,35,07,27
0278,15.10.2008,33,42,28,34,08,17
0279,17.10.2008,03,22,26,35,40,37
0280,20.10.2008,31,45,34,29,13,32
0281,22.10.2008,29,35,18,06,23,04
0282,24.10.2008,42,04,33,45,18,28
0283,27.10.2008,16,17,26,03,23,28
0284,29.10.2008,22,04,30,15,12,09
0285,31.10.2008,21,11,27,05,39,22
0286,03.11.2008,14,22,33,45,17,32
0287,05.11.2008,02,38,35,41,09,28
0288,07.11.2008,33,10,30,35,06,43
0289,10.11.2008,04,24,11,25,05,31
0290,12.11.2008,05,42,30,14,07,13
0291,14.11.2008,15,45,17,38,06,26
0292,17.11.2008,13,36,21,34,23,01
0293,19.11.2008,45,04,44,42,27,30
0294,21.11.2008,45,05,18,04,36,24
0295,24.11.2008,29,36,40,45,20,26
0296,26.11.2008,29,16,14,36,24,15
0297,28.11.2008,38,04,17,30,26,29
0298,01.12.2008,13,12,42,23,38,17
0299,03.12.2008,08,07,14,16,43,27
0300,05.12.2008,40,17,07,45,21,12
0301,08.12.2008,31,39,02,44,01,36
0302,10.12.2008,38,43,03,36,21,13
0303,12.12.2008,09,23,02,36,14,35
0304,15.12.2008,01,19,40,35,12,08
0305,17.12.2008,05,26,17,31,43,15
0306,19.12.2008,32,09,14,21,20,30
0307,22.12.2008,45,15,19,39,27,13
0308,24.12.2008,39,25,08,43,13,27
0309,26.12.2008,19,18,37,16,06,40
0310,29.12.2008,29,31,02,14,05,01
0311,31.12.2008,16,13,39,15,25,36
0312,02.01.2009,10,12,07,45,36,40
0313,05.01.2009,39,22,40,20,26,35
0314,07.01.2009,17,14,18,35,03,08
0315,09.01.2009,34,30,35,39,05,42
0316,12.01.2009,12,02,43,38,05,24
0317,14.01.2009,25,01,12,42,45,16
0318,16.01.2009,25,06,02,26,32,15
0319,19.01.2009,09,29,02,27,28,15
0320,21.01.2009,39,06,11,29,44,01
0321,23.01.2009,06,26,04,36,03,41
0322,26.01.2009,37,40,20,30,28,42
0323,28.01.2009,02,16,44,06,36,14
0324,30.01.2009,37,05,45,15,41,28
0325,02.02.2009,20,28,37,13,31,32
0326,04.02.2009,29,18,37,32,15,17
0327,06.02.2009,22,01,05,36,23,40
0328,09.02.2009,36,35,25,17,23,15
0329,11.02.2009,30,06,09,05,16,17
0330,13.02.2009,37,01,10,41,02,12
0331,16.02.2009,37,31,25,03,18,32
0332,18.02.2009,29,10,26,15,09,19
0333,20.02.2009,14,01,04,33,16,26
0334,23.02.2009,14,40,26,11,17,15
0335,25.02.2009,17,03,06,27,28,02
0336,27.02.2009,01,14,24,19,22,11
0337,02.03.2009,28,32,07,06,19,13
0338,04.03.2009,16,12,21,31,18,24
0339,06.03.2009,06,43,35,31,13,21
0340,09.03.2009,41,45,33,28,31,10
0341,11.03.2009,10,11,35,21,23,44
0342,13.03.2009,27,21,16,18,37,11
0343,16.03.2009,17,20,24,44,07,18
0344,18.03.2009,16,38,02,43,27,12
0345,20.03.2009,15,17,08,25,34,29
0346,23.03.2009,22,21,03,10,35,06
0347,25.03.2009,30,20,14,29,18,02
0348,27.03.2009,04,17,10,29,02,26
0349,30.03.2009,15,34,35,14,29,32
0350,01.04.2009,32,24,20,27,43,28
0351,03.04.2009,25,29,34,12,18,16
0352,06.04.2009,37,03,33,21,30,11
0353,08.04.2009,33,24,08,40,36,17
0354,13.04.2009,03,33,09,34,15,17
0355,15.04.2009,29,39,23,01,16,42
0356,17.04.2009,41,26,35,05,11,10
0357,20.04.2009,10,02,35,05,24,39
0358,22.04.2009,41,42,09,35,44,10
0359,24.04.2009,28,03,10,35,04,25
0360,27.04.2009,42,05,03,13,21,01
0361,29.04.2009,06,34,33,17,26,41
0362,01.05.2009,01,05,42,34,29,38
0363,04.05.2009,26,44,16,05,13,15
0364,06.05.2009,09,41,29,44,30,45
0365,08.05.2009,43,22,17,08,10,37
0366,11.05.2009,21,08,42,24,16,38
0367,13.05.2009,28,32,11,15,34,07
0368,15.05.2009,21,28,36,22,41,32
0369,18.05.2009,17,35,09,11,26,29
0370,20.05.2009,25,38,10,15,21,39
0371,22.05.2009,06,15,31,22,32,05
0372,25.05.2009,37,24,19,39,11,08
0373,27.05.2009,33,40,44,02,21,18
0374,29.05.2009,13,03,32,41,10,14
0375,01.06.2009,37,01,39,19,33,38
0376,03.06.2009,26,11,42,23,15,30
0377,05.06.2009,25,22,34,42,03,44
0378,08.06.2009,24,31,19,11,23,12
0379,10.06.2009,11,44,08,18,42,35
0380,12.06.2009,17,45,34,21,36,24
0381,15.06.2009,07,41,45,02,20,27
0382,17.06.2009,17,29,39,26,28,22
0383,19.06.2009,43,19,39,15,11,32
0384,22.06.2009,14,15,34,35,10,31
0385,24.06.2009,26,35,11,38,02,39
0386,26.06.2009,25,31,42,29,23,39
0387,29.06.2009,10,18,08,45,01,04
0388,01.07.2009,31,18,43,24,36,44
0389,03.07.2009,14,01,30,13,15,45
0390,06.07.2009,23,19,45,04,43,13
0391,08.07.2009,01,44,39,19,26,06
0392,10.07.2009,10,04,16,45,03,02
0393,13.07.2009,43,17,10,40,28,01
0394,15.07.2009,11,30,09,42,33,13
0395,17.07.2009,01,35,16,43,03,13
0396,20.07.2009,17,07,03,21,06,26
0397,22.07.2009,21,38,08,32,37,40
0398,24.07.2009,32,19,09,33,39,29
0399,27.07.2009,29,10,22,20,33,45
0400,29.07.2009,20,29,35,07,32,13
0401,31.07.2009,17,37,40,34,16,30
0402,03.08.2009,45,32,44,16,19,15
0403,05.08.2009,11,03,16,44,42,39
0404,07.08.2009,15,14,31,06,07,03
0405,07.08.2009,15,14,31,06,07,03
0406,10.08.2009,44,18,20,23,16,04
0407,12.08.2009,22,28,14,05,39,23
0408,14.08.2009,41,33,23,02,30,18
0409,17.08.2009,19,23,35,29,11,03
0410,19.08.2009,43,31,15,27,35,39
0411,21.08.2009,40,20,06,13,30,19
0412,24.08.2009,04,27,43,08,44,18
0413,26.08.2009,39,22,04,24,45,11
0414,28.08.2009,19,09,21,04,32,29
0415,31.08.2009,45,17,44,37,01,29
0416,02.09.2009,10,15,35,17,45,24
0417,04.09.2009,25,11,05,33,42,29
0418,07.09.2009,38,04,02,25,08,43
0419,09.09.2009,04,14,36,20,43,10
0420,11.09.2009,44,09,37,38,29,02
0421,14.09.2009,41,17,32,37,26,09
0422,16.09.2009,40,22,19,09,45,11
0423,18.09.2009,07,13,40,26,45,43
0424,21.09.2009,41,01,38,03,10,32
0425,23.09.2009,45,43,03,23,38,31
0426,25.09.2009,37,11,03,01,18,14
0427,28.09.2009,14,07,32,13,38,41
0428,30.09.2009,19,04,09,41,01,21
0429,02.10.2009,31,38,19,15,13,36
0430,05.10.2009,28,44,42,39,29,02
0431,07.10.2009,25,35,18,34,42,32
0432,09.10.2009,45,26,25,32,18,09
0433,12.10.2009,38,14,25,10,16,19
0434,14.10.2009,19,01,29,36,27,09
0435,16.10.2009,45,20,17,02,11,38
0436,19.10.2009,08,26,29,38,45,12
0437,21.10.2009,02,11,18,19,31,33
0438,23.10.2009,27,22,13,36,02,01
0439,26.10.2009,22,42,29,02,03,11
0440,28.10.2009,04,36,32,25,41,10
0441,30.10.2009,19,20,12,13,42,14
0442,02.11.2009,22,45,17,21,20,16
0443,04.11.2009,30,22,19,03,29,43
0444,06.11.2009,12,30,37,05,08,28
0445,09.11.2009,12,28,32,30,14,24
0446,11.11.2009,11,45,43,08,38,42
0447,13.11.2009,44,17,23,15,40,36
0448,16.11.2009,10,21,35,24,07,09
0449,18.11.2009,37,42,32,21,09,15
0450,20.11.2009,31,35,17,12,19,25
0451,23.11.2009,43,12,35,11,16,29
0452,25.11.2009,10,27,21,19,01,15
0453,27.11.2009,14,13,33,07,22,28
0454,30.11.2009,24,29,39,30,42,32
0455,02.12.2009,09,06,45,02,20,43
0456,04.12.2009,13,24,11,10,12,29
0457,07.12.2009,23,34,09,32,40,31
0458,09.12.2009,15,02,14,30,32,23
0459,11.12.2009,16,14,04,19,02,17
0460,14.12.2009,05,09,27,21,23,45
0461,16.12.2009,18,24,11,02,26,23
0462,18.12.2009,01,42,04,25,18,08
0463,21.12.2009,16,30,40,25,45,06
0464,23.12.2009,39,02,11,25,29,40
0465,28.12.2009,26,29,31,01,06,17
0466,30.12.2009,33,42,22,04,28,39
0467,04.01.2010,11,04,07,29,03,26
0468,06.01.2010,36,34,29,24,25,07
0469,08.01.2010,28,38,17,35,01,08
0470,11.01.2010,03,38,06,13,20,31
0471,13.01.2010,23,11,12,08,30,21
0472,15.01.2010,21,33,31,32,40,13
0473,18.01.2010,36,31,35,43,44,34
0474,20.01.2010,27,36,24,42,37,44
0475,22.01.2010,38,35,14,20,23,02
0476,25.01.2010,28,11,12,45,20,34
0477,27.01.2010,45,27,14,03,07,08
0478,29.01.2010,42,01,27,33,23,24
0479,01.02.2010,38,29,09,07,41,40
0480,03.02.2010,23,43,32,12,13,35
0481,05.02.2010,15,19,45,23,05,42
0482,08.02.2010,36,27,08,12,34,28
0483,10.02.2010,03,30,12,11,16,17
0484,12.02.2010,24,19,45,09,34,02
0485,15.02.2010,17,32,38,41,24,10
0486,17.02.2010,16,38,44,13,32,40
0487,19.02.2010,42,15,09,19,27,34
0488,22.02.2010,37,43,36,32,42,08
0489,24.02.2010,07,11,31,01,14,20
0490,26.02.2010,20,19,34,29,28,24
0491,01.03.2010,22,40,42,45,24,33
0492,03.03.2010,44,18,37,13,39,11
0493,05.03.2010,34,03,30,01,25,43
0494,08.03.2010,25,21,11,22,18,32
0495,10.03.2010,30,03,13,28,06,41
0496,12.03.2010,07,16,24,27,26,44
0497,15.03.2010,04,18,05,09,33,34
0498,17.03.2010,35,13,25,33,08,34
0499,19.03.2010,13,22,36,01,42,16
0500,22.03.2010,12,38,01,41,35,42
0501,24.03.2010,42,21,01,10,38,30
0502,26.03.2010,37,26,13,16,10,43
0503,29.03.2010,44,19,24,14,07,26
0504,31.03.2010,30,06,36,11,17,03
0505,05.04.2010,36,37,18,12,33,14
0506,07.04.2010,15,01,19,10,44,04
0507,09.04.2010,24,44,26,20,02,08
0508,12.04.2010,26,39,42,13,30,36
0509,14.04.2010,39,44,38,36,19,02
0510,19.04.2010,06,21,07,14,26,39
0511,21.04.2010,31,17,40,23,20,39
0512,23.04.2010,01,31,34,02,37,32
0513,16.04.2010,40,07,31,27,10,32
0514,26.04.2010,28,04,15,39,11,36
0515,28.04.2010,24,19,43,09,13,27
0516,30.04.2010,05,21,15,19,29,24
0517,03.05.2010,20,15,06,37,21,02
0518,05.05.2010,15,29,19,01,36,09
0519,07.05.2010,14,11,24,09,07,41
0520,12.05.2010,22,29,19,35,44,45
0521,14.05.2010,17,06,34,11,25,04
0522,17.05.2010,17,22,13,02,11,38
0523,19.05.2010,03,42,30,37,04,24
0524,21.05.2010,44,14,23,30,42,38
0525,24.05.2010,19,22,28,44,25,04
0526,26.05.2010,41,31,17,01,29,12
0527,28.05.2010,45,19,27,23,22,20
0528,31.05.2010,33,26,17,27,13,43
0529,02.06.2010,29,30,19,41,20,09
0530,04.06.2010,31,07,05,03,30,28
0531,07.06.2010,08,32,34,15,44,43
0532,09.06.2010,35,29,16,30,40,02
0533,11.06.2010,39,30,16,31,06,01
0534,14.06.2010,43,26,01,24,08,19
0535,16.06.2010,12,34,45,08,14,18
0536,18.06.2010,28,30,26,43,09,31
0537,21.06.2010,39,14,20,18,32,35
0538,23.06.2010,19,30,27,07,05,37
0539,25.06.2010,26,30,13,31,09,03
0540,28.06.2010,44,02,08,06,45,33
0541,30.06.2010,23,16,44,04,07,05
0542,02.07.2010,35,41,05,04,36,01
0543,05.07.2010,38,10,34,11,25,29
0544,07.07.2010,31,27,17,25,40,30
0545,09.07.2010,02,11,38,13,09,24
0546,12.07.2010,06,38,11,28,20,33
0547,16.07.2010,27,22,08,40,16,10
0548,19.07.2010,10,36,15,40,12,30
0549,21.07.2010,25,10,35,28,30,03
0550,14.07.2010,42,21,44,35,26,29
0551,23.07.2010,27,29,38,40,43,03
0552,26.07.2010,23,02,25,44,27,15
0553,28.07.2010,02,23,06,31,29,44
0554,30.07.2010,45,14,26,10,34,36
0555,02.08.2010,38,05,44,18,17,06
0556,04.08.2010,28,15,36,27,44,14
0557,06.08.2010,05,08,41,40,36,24
0558,09.08.2010,12,43,13,28,01,37
0559,11.08.2010,23,06,01,36,09,22
0560,13.08.2010,38,01,37,21,24,25
0561,16.08.2010,41,19,03,31,23,04
0562,18.08.2010,15,19,06,16,33,04
0563,20.08.2010,08,26,33,23,15,41
0564,23.08.2010,26,32,21,31,28,38
0565,25.08.2010,19,01,29,09,38,16
0566,30.08.2010,13,14,28,25,21,03
0567,27.08.2010,01,30,43,21,19,31
0568,01.09.2010,21,10,12,44,01,45
0569,03.09.2010,04,01,21,32,43,17
0570,06.09.2010,06,27,44,42,04,02
0571,08.09.2010,19,22,25,13,37,04
0572,10.09.2010,31,29,17,33,14,04
0573,13.09.2010,37,15,07,20,02,45
0574,15.09.2010,15,40,32,06,27,20
0575,17.09.2010,41,21,35,24,19,07
0576,20.09.2010,03,22,26,16,35,08
0577,22.09.2010,29,31,08,13,24,03
0578,24.09.2010,07,17,22,38,43,12
0579,27.09.2010,25,44,24,43,13,27
0580,29.09.2010,08,22,15,11,17,32
0581,01.10.2010,32,30,31,20,04,27
0582,04.10.2010,14,25,26,37,36,08
0583,06.10.2010,04,37,38,14,40,41
0584,08.10.2010,28,26,39,29,41,25
0585,11.10.2010,15,06,44,38,04,13
0586,13.10.2010,05,23,43,09,34,11
0587,15.10.2010,12,33,28,36,30,35
0588,18.10.2010,39,22,44,42,23,25
0589,20.10.2010,16,05,17,13,28,43
0590,22.10.2010,13,25,37,45,14,36
0591,25.10.2010,06,17,24,45,22,28
0592,27.10.2010,28,08,44,06,11,14
0593,29.10.2010,16,08,04,19,21,26
0594,01.11.2010,17,05,26,06,03,21
0595,03.11.2010,25,09,05,08,43,29
0596,05.11.2010,11,25,19,24,31,06
0597,08.11.2010,32,14,08,40,26,10
0598,10.11.2010,26,09,11,06,02,37
0599,12.11.2010,35,29,20,32,34,01
0600,15.11.2010,11,17,43,39,32,19
0601,17.11.2010,22,19,02,13,04,29
0602,24.11.2010,31,20,17,25,05,33
0603,19.11.2010,09,12,07,26,22,14
0604,22.11.2010,10,42,21,08,36,45
0605,26.11.2010,21,12,42,01,11,07
0606,29.11.2010,31,35,02,16,33,43
0607,01.12.2010,45,39,15,12,30,28
0608,03.12.2010,40,27,18,11,36,20
0609,06.12.2010,24,30,25,14,34,02
0610,08.12.2010,39,16,10,43,32,27
0611,10.12.2010,33,31,42,24,11,16
0612,13.12.2010,27,13,39,10,37,15
0613,15.12.2010,16,13,10,37,19,30
0614,17.12.2010,36,03,10,06,11,17
0615,20.12.2010,43,37,33,38,27,05
0616,22.12.2010,44,36,26,29,27,34
0617,24.12.2010,15,14,41,40,21,06
0618,27.12.2010,19,10,07,13,43,06
0619,29.12.2010,30,09,22,07,05,39
0620,31.12.2010,40,35,27,38,26,13
0621,03.01.2011,19,42,01,39,11,35
0622,05.01.2011,35,28,03,23,14,18
0623,07.01.2011,12,09,02,08,01,11
0624,10.01.2011,43,29,20,19,35,45
0625,12.01.2011,14,13,38,05,11,37
0626,14.01.2011,11,25,16,30,26,04
0627,17.01.2011,35,05,43,13,28,11
0628,19.01.2011,05,36,33,10,41,44
0629,21.01.2011,24,34,39,23,14,12
0630,24.01.2011,07,03,37,21,09,04
0631,26.01.2011,18,23,04,32,20,15
0632,28.01.2011,04,05,36,43,20,31
0633,31.01.2011,05,11,02,14,06,17
0634,02.02.2011,27,25,26,38,34,33
0635,04.02.2011,03,04,23,02,12,38
0636,07.02.2011,21,45,18,11,25,38
0637,09.02.2011,30,11,36,29,13,12
0638,11.02.2011,35,40,17,19,33,07
0639,14.02.2011,11,12,21,06,28,31
0640,16.02.2011,29,23,06,03,02,15
0641,18.02.2011,14,10,12,29,21,09
0642,21.02.2011,01,03,04,45,06,18
0643,23.02.2011,08,23,32,22,29,13
0644,25.02.2011,21,41,35,39,24,25
0645,28.02.2011,30,03,05,32,11,44
0646,02.03.2011,24,30,16,19,25,27
0647,04.03.2011,43,33,38,01,40,15
0648,07.03.2011,22,04,03,06,32,30
0649,09.03.2011,41,19,31,24,04,40
0650,11.03.2011,25,31,01,26,12,02
0651,14.03.2011,42,28,24,14,39,18
0652,16.03.2011,37,09,34,27,08,25
0653,18.03.2011,21,44,03,01,31,39
0654,21.03.2011,14,32,12,19,18,34
0655,23.03.2011,18,26,08,31,01,16
0656,25.03.2011,19,23,44,36,40,28
0657,28.03.2011,45,32,01,15,06,05
0658,30.03.2011,36,17,39,28,05,30
0659,01.04.2011,35,38,01,31,04,07
0660,04.04.2011,17,33,37,29,12,22
0661,06.04.2011,17,23,36,30,33,13
0662,08.04.2011,45,42,22,39,13,41
0663,11.04.2011,17,45,11,41,44,25
0664,13.04.2011,23,08,15,27,31,12
0665,15.04.2011,31,02,14,43,32,12
0666,18.04.2011,28,15,33,17,18,34
0667,20.04.2011,37,42,12,08,23,21
0668,25.04.2011,14,39,15,41,05,42
0669,27.04.2011,37,10,28,02,33,25
0670,29.04.2011,32,29,26,03,40,28
0671,02.05.2011,10,38,24,12,08,44
0672,04.05.2011,44,18,06,11,39,34
0673,06.05.2011,36,33,39,15,09,32
0674,09.05.2011,40,02,45,37,15,16
0675,11.05.2011,28,44,05,19,26,30
0676,13.05.2011,19,26,38,16,29,14
0677,16.05.2011,25,39,20,13,24,36
0678,18.05.2011,15,30,08,02,29,43
0679,20.05.2011,27,15,24,44,04,23
0680,23.05.2011,30,17,09,32,33,15
0681,25.05.2011,14,38,03,42,24,45
0682,27.05.2011,23,40,34,27,26,37
0683,30.05.2011,43,02,35,39,09,10
0684,01.06.2011,01,43,03,45,13,15
0685,03.06.2011,09,38,45,15,32,13
0686,06.06.2011,09,23,14,45,24,35
0687,08.06.2011,44,10,15,42,30,06
0688,10.06.2011,15,01,13,11,07,09
0689,13.06.2011,27,37,16,15,30,33
0690,15.06.2011,22,17,09,42,14,18
0691,17.06.2011,28,02,45,12,06,17
0692,20.06.2011,18,40,39,02,17,38
0693,22.06.2011,23,13,10,37,35,19
0694,24.06.2011,33,21,05,20,03,34
0695,27.06.2011,36,32,16,01,20,39
0696,29.06.2011,43,35,30,34,31,12
0697,01.07.2011,26,15,41,33,01,06
0698,04.07.2011,27,26,20,06,39,16
0699,06.07.2011,33,05,27,30,31,10
0700,08.07.2011,01,03,08,07,25,20
0701,11.07.2011,28,17,20,07,27,37
0702,13.07.2011,30,39,32,03,27,34
0703,15.07.2011,19,10,06,26,08,43
0704,18.07.2011,15,20,24,13,35,34
0705,20.07.2011,03,06,16,14,24,29
0706,22.07.2011,05,23,17,15,39,29
0707,25.07.2011,12,22,33,23,41,01
0708,27.07.2011,20,40,04,35,26,41
0709,29.07.2011,17,39,45,42,18,34
0710,01.08.2011,28,11,26,43,30,24
0711,03.08.2011,02,05,35,20,09,42
0712,05.08.2011,04,25,10,23,36,35
0713,08.08.2011,35,09,39,04,25,30
0714,10.08.2011,24,35,22,43,37,33
0715,12.08.2011,13,44,09,07,33,03
0716,15.08.2011,38,17,11,34,03,35
0717,17.08.2011,27,26,25,40,20,14
0718,19.08.2011,04,06,09,41,23,33
0719,22.08.2011,03,31,21,34,24,43
0720,24.08.2011,42,25,33,16,21,29
0721,26.08.2011,34,26,21,27,09,11
0722,29.08.2011,30,28,41,18,32,02
0723,31.08.2011,17,45,35,32,10,29
0724,02.09.2011,38,37,02,31,27,26
0725,05.09.2011,44,30,12,09,29,04
0726,07.09.2011,44,20,13,01,37,26
0727,09.09.2011,41,38,23,12,17,11
0728,12.09.2011,16,15,35,29,42,07
0729,14.09.2011,15,31,32,22,04,06
0730,16.09.2011,10,33,02,23,09,05
0731,19.09.2011,14,40,01,03,43,11
0732,21.09.2011,43,29,26,35,11,08
0733,23.09.2011,22,01,39,44,26,31
0734,26.09.2011,34,32,43,23,10,20
0735,28.09.2011,26,29,36,41,37,11
0736,30.09.2011,13,27,26,33,11,21
0737,03.10.2011,21,10,41,08,25,03
0738,05.10.2011,44,27,37,40,13,20
0739,07.10.2011,04,31,36,22,09,20
0740,10.10.2011,14,27,05,42,16,33
0741,12.10.2011,28,30,21,12,20,33
0742,14.10.2011,18,08,40,24,33,27
0743,17.10.2011,09,07,22,16,10,40
0744,19.10.2011,06,01,26,45,34,40
0745,21.10.2011,17,33,06,13,38,31
0746,24.10.2011,19,41,36,05,33,20
0747,26.10.2011,13,23,33,20,30,02
0748,28.10.2011,21,06,16,22,39,24
0749,31.10.2011,33,08,41,22,09,34
0750,02.11.2011,23,38,06,45,17,30
0751,04.11.2011,40,20,25,11,35,31
0752,07.11.2011,33,01,42,23,34,12
0753,09.11.2011,35,42,44,27,01,08
0754,11.11.2011,03,40,18,27,10,21
0755,14.11.2011,17,18,41,35,13,20
0756,16.11.2011,03,45,25,39,17,07
0757,18.11.2011,14,31,19,13,38,17
0758,21.11.2011,30,29,25,13,19,04
0759,23.11.2011,39,23,45,35,05,25
0760,25.11.2011,32,08,29,42,15,01
0761,28.11.2011,05,27,29,32,43,39
0762,30.11.2011,42,10,29,06,13,34
0763,02.12.2011,45,17,20,30,29,43
0764,05.12.2011,17,39,44,28,11,43
0765,07.12.2011,26,05,41,38,32,08
0766,12.12.2011,36,06,30,32,07,25
0767,09.12.2011,16,35,27,42,37,21
0768,14.12.2011,28,20,26,10,41,16
0769,16.12.2011,10,21,01,44,27,38
0770,19.12.2011,03,24,33,34,15,21
0771,21.12.2011,22,18,40,23,28,30
0772,23.12.2011,21,39,10,27,43,04
0773,26.12.2011,09,37,12,41,35,39
0774,28.12.2011,21,18,11,30,16,29
0775,30.12.2011,23,13,16,01,02,17
0776,02.01.2012,13,12,19,34,35,09
0777,04.01.2012,19,12,22,34,30,11
0778,06.01.2012,01,12,11,41,17,36
0779,09.01.2012,30,20,44,34,27,38
0780,11.01.2012,43,45,19,11,05,02
0781,13.01.2012,35,41,27,17,06,09
0782,16.01.2012,01,27,35,42,44,12
0783,18.01.2012,03,15,33,11,40,25
0784,20.01.2012,44,39,35,22,36,07
0785,23.01.2012,42,40,24,05,06,26
0786,25.01.2012,19,43,31,34,12,29
0787,27.01.2012,26,32,11,02,25,22
0788,30.01.2012,02,10,06,11,26,24
0789,01.02.2012,09,03,40,16,27,28
0790,03.02.2012,34,05,29,23,11,08
0791,06.02.2012,16,39,23,15,01,12
0792,08.02.2012,10,05,30,15,42,31
0793,10.02.2012,20,17,14,25,19,08
0794,13.02.2012,41,04,01,07,13,06
0795,15.02.2012,33,34,28,40,14,08
0796,17.02.2012,09,20,22,06,34,40
0797,20.02.2012,10,17,07,29,21,18
0798,22.02.2012,09,22,30,02,37,21
0799,24.02.2012,14,13,32,42,21,20
0800,27.02.2012,11,34,24,27,29,16
0801,29.02.2012,45,12,43,33,05,26
0802,02.03.2012,21,06,41,20,32,13
0803,05.03.2012,14,10,12,45,36,22
0804,07.03.2012,10,31,08,04,13,01
0805,09.03.2012,40,39,07,37,29,10
0806,12.03.2012,06,13,22,08,23,02
0807,14.03.2012,26,23,31,09,13,24
0808,16.03.2012,43,38,45,24,04,42
0809,19.03.2012,45,04,24,05,30,42
0810,21.03.2012,25,31,05,35,23,14
0811,23.03.2012,25,05,16,06,40,17
0812,26.03.2012,17,23,37,35,06,26
0813,28.03.2012,45,03,41,27,15,11
0814,30.03.2012,07,21,13,06,04,40
0815,02.04.2012,06,16,36,01,25,34
0816,04.04.2012,28,04,35,06,33,37
0817,09.04.2012,32,14,38,23,27,15
0818,11.04.2012,29,28,44,41,32,43
0819,13.04.2012,28,25,33,12,43,17
0820,16.04.2012,45,22,39,05,06,03
0821,18.04.2012,40,15,33,25,41,11
0822,20.04.2012,14,36,34,41,30,38
0823,23.04.2012,32,07,21,37,13,09
0824,25.04.2012,20,14,44,27,07,38
0825,27.04.2012,08,32,05,15,01,40
0826,30.04.2012,20,36,34,37,07,25
0827,02.05.2012,04,27,13,44,28,14
0828,04.05.2012,41,05,30,19,24,01
0829,07.05.2012,24,38,16,20,10,42
0830,09.05.2012,04,21,28,05,09,01
0831,11.05.2012,26,17,38,10,03,30
0832,14.05.2012,32,26,18,38,07,11
0833,16.05.2012,39,13,37,34,44,41
0834,18.05.2012,03,16,18,20,31,17
0835,21.05.2012,01,27,23,22,33,15
0836,23.05.2012,32,30,27,17,29,03
0837,25.05.2012,30,16,25,38,13,09
0838,28.05.2012,32,19,22,27,26,31
0839,30.05.2012,37,40,42,45,30,17
0840,01.06.2012,33,04,17,28,16,38
0841,04.06.2012,19,14,31,37,12,38
0842,06.06.2012,45,32,40,28,34,12
0843,08.06.2012,12,34,15,11,19,36
0844,11.06.2012,41,12,36,32,18,07
0845,13.06.2012,16,38,14,17,24,21
0846,15.06.2012,36,01,13,28,03,15
0847,18.06.2012,07,03,45,05,35,02
0848,20.06.2012,32,20,44,18,37,29
0849,22.06.2012,43,13,23,18,26,28
0850,25.06.2012,10,15,37,04,23,02
0851,27.06.2012,36,41,32,08,13,23
0852,29.06.2012,19,26,22,13,18,37
0853,02.07.2012,22,25,06,30,11,35
0854,04.07.2012,43,32,02,17,37,30
0855,06.07.2012,11,45,43,04,44,20
0856,09.07.2012,19,32,06,26,21,05
0857,11.07.2012,36,23,02,33,10,07
0858,13.07.2012,43,31,29,27,23,25
0859,16.07.2012,16,22,03,34,35,27
0860,18.07.2012,02,27,09,04,28,18
0861,20.07.2012,36,05,30,33,44,37
0862,23.07.2012,29,27,34,12,07,23
0863,25.07.2012,12,05,04,08,19,27
0864,27.07.2012,15,08,14,39,23,10
0865,30.07.2012,42,13,41,19,44,21
0866,01.08.2012,05,14,17,19,36,37
0867,03.08.2012,01,41,16,31,40,10
0868,06.08.2012,27,42,02,34,21,05
0869,08.08.2012,14,15,20,16,17,34
0870,10.08.2012,01,16,15,39,34,43
0871,13.08.2012,16,13,27,29,12,38
0872,15.08.2012,15,40,12,45,19,41
0873,17.08.2012,04,44,01,08,33,37
0874,20.08.2012,22,27,05,30,13,21
0875,22.08.2012,28,17,20,10,19,31
0876,24.08.2012,29,30,10,38,31,37
0877,27.08.2012,24,25,14,36,05,10
0878,29.08.2012,03,34,12,33,42,25
0879,31.08.2012,14,33,10,24,02,45
0880,03.09.2012,32,38,06,27,11,35
0881,05.09.2012,25,17,06,42,09,14
0882,07.09.2012,38,27,32,43,06,22
0883,10.09.2012,19,37,26,13,02,17
0884,12.09.2012,27,09,18,32,34,02
0885,14.09.2012,30,06,05,26,43,25
0886,17.09.2012,40,19,15,34,18,07
0887,19.09.2012,01,42,10,31,03,12
0888,21.09.2012,10,26,07,45,17,14
0889,24.09.2012,13,35,17,22,03,10
0890,26.09.2012,45,16,06,34,04,19
0891,28.09.2012,19,32,43,41,44,27
0892,01.10.2012,42,33,07,20,14,35
0893,03.10.2012,05,12,36,13,23,02
0894,05.10.2012,03,45,44,06,25,07
0895,08.10.2012,41,17,40,34,12,19
0896,10.10.2012,17,12,23,42,31,10
0897,12.10.2012,28,09,10,07,30,16
0898,15.10.2012,36,40,39,33,26,42
0899,17.10.2012,25,28,18,31,27,02
0900,19.10.2012,01,17,22,27,02,33
0901,22.10.2012,06,07,25,29,09,37
0902,24.10.2012,36,14,18,10,27,25
0903,26.10.2012,05,27,12,24,39,32
0904,29.10.2012,10,39,32,31,35,04
0905,31.10.2012,20,17,32,21,44,01
0906,02.11.2012,15,01,32,09,37,27
0907,05.11.2012,02,45,44,13,27,24
0908,07.11.2012,43,44,29,26,08,15
0909,09.11.2012,40,28,16,36,33,07
0910,12.11.2012,42,16,04,21,41,36
0911,14.11.2012,26,07,35,12,19,08
0912,16.11.2012,22,12,35,32,36,33
0913,19.11.2012,33,40,25,34,36,22
0914,21.11.2012,13,20,37,45,14,44
0915,23.11.2012,01,08,13,36,30,27
0916,26.11.2012,27,08,02,19,34,26
0917,28.11.2012,20,22,12,08,14,21
0918,30.11.2012,04,23,45,33,35,31
0919,03.12.2012,04,26,18,14,03,09
0920,05.12.2012,04,09,12,41,38,20
0921,07.12.2012,10,28,15,29,20,37
0922,10.12.2012,23,11,43,36,25,06
0923,12.12.2012,37,22,24,28,25,01
0924,14.12.2012,26,22,21,19,06,39
0925,17.12.2012,22,29,31,21,39,38
0926,19.12.2012,14,22,17,10,06,26
0927,21.12.2012,27,17,35,26,28,29
0928,24.12.2012,02,01,03,24,35,10
0929,26.12.2012,10,02,07,38,11,30
0930,28.12.2012,10,31,13,22,19,03
0931,31.12.2012,05,17,13,08,01,23
0932,02.01.2013,06,08,38,44,41,01
0933,04.01.2013,19,28,09,33,34,45
0934,07.01.2013,04,44,22,15,21,38
0935,09.01.2013,41,45,02,22,27,35
0936,11.01.2013,36,30,34,23,16,24
0937,14.01.2013,19,42,28,33,15,07
0938,16.01.2013,45,15,11,28,31,34
0939,18.01.2013,16,17,05,25,38,28
0940,21.01.2013,34,11,25,40,24,02
0941,23.01.2013,12,18,43,19,38,21
0942,25.01.2013,45,19,27,29,06,34
0943,28.01.2013,23,44,03,37,15,17
0944,30.01.2013,23,08,19,15,21,20
0945,01.02.2013,14,22,45,42,40,26
0946,04.02.2013,41,32,26,14,02,45
0947,06.02.2013,39,41,32,22,06,19
0948,08.02.2013,33,14,32,25,16,09
0949,11.02.2013,07,44,11,03,20,02
0950,13.02.2013,17,33,01,39,24,25
0951,15.02.2013,17,40,24,22,39,08
0952,18.02.2013,13,27,03,17,09,16
0953,20.02.2013,03,26,28,41,35,06
0954,22.02.2013,04,35,41,09,37,15
0955,25.02.2013,31,30,17,09,14,27
0956,27.02.2013,02,33,31,34,30,28
0957,01.03.2013,42,17,35,16,37,13
0958,04.03.2013,35,38,37,10,06,30
0959,06.03.2013,18,08,16,22,41,45
0960,08.03.2013,08,23,03,17,14,04
0961,11.03.2013,13,20,08,34,28,07
0962,13.03.2013,32,13,11,34,17,27
0963,15.03.2013,34,21,35,28,39,07
0964,18.03.2013,11,16,21,03,08,29
0965,20.03.2013,16,45,41,29,24,21
0966,22.03.2013,23,33,14,26,24,35
0967,25.03.2013,44,13,02,36,33,16
0968,27.03.2013,40,24,07,31,15,06
0969,01.04.2013,27,42,34,37,28,43
0970,03.04.2013,13,23,22,25,35,20
0971,05.04.2013,12,29,40,32,41,01
0972,08.04.2013,22,40,33,27,20,05
0973,10.04.2013,45,36,35,22,39,03
0974,12.04.2013,15,16,35,29,36,02
0975,15.04.2013,42,41,44,18,26,30
0976,17.04.2013,27,02,45,30,33,07
0977,19.04.2013,30,38,39,31,25,13
0978,22.04.2013,15,44,13,09,37,01
0979,24.04.2013,30,41,19,37,26,31
0980,26.04.2013,21,09,22,40,01,39
0981,29.04.2013,34,37,17,09,14,21
0982,01.05.2013,37,21,36,32,12,31
0983,03.05.2013,25,39,18,04,03,16
0984,06.05.2013,33,42,45,36,30,35
0985,08.05.2013,42,39,19,23,29,08
0986,10.05.2013,30,02,03,22,24,27
0987,13.05.2013,42,37,31,07,24,33
0988,15.05.2013,29,04,37,12,31,21
0989,17.05.2013,04,33,17,02,41,23
0990,20.05.2013,10,19,07,21,28,22
0991,22.05.2013,41,30,44,04,31,38
0992,24.05.2013,04,39,44,36,38,26
0993,27.05.2013,03,39,07,04,21,15
0994,29.05.2013,35,17,31,15,44,24
0995,31.05.2013,05,39,06,11,40,10
0996,03.06.2013,16,31,04,45,21,20
0997,05.06.2013,17,25,01,26,07,10
0998,07.06.2013,34,43,04,07,28,31
0999,10.06.2013,04,03,35,39,12,30
1000,12.06.2013,23,37,26,25,20,40
1001,14.06.2013,04,24,02,27,05,41
1002,17.06.2013,38,05,27,34,42,03
1003,19.06.2013,18,41,25,24,16,37
1004,21.06.2013,07,20,15,26,30,45
1005,24.06.2013,12,22,28,23,41,29
1006,26.06.2013,38,16,18,17,21,37
1007,28.06.2013,20,19,42,18,32,01
1008,01.07.2013,23,40,06,11,15,45
1009,03.07.2013,26,23,17,07,40,32
1010,05.07.2013,27,29,38,28,17,01
1011,08.07.2013,24,03,39,21,38,17
1012,10.07.2013,41,09,45,03,21,17
1013,12.07.2013,11,24,06,34,09,45
1014,15.07.2013,12,04,27,05,18,19
1015,17.07.2013,11,19,25,33,20,24
1016,19.07.2013,32,33,38,10,31,15
1017,22.07.2013,06,41,10,11,38,42
1018,24.07.2013,39,41,21,15,04,07
1019,26.07.2013,33,29,37,36,04,12
1020,29.07.2013,23,13,21,31,16,05
1021,31.07.2013,04,11,39,13,33,43
1022,02.08.2013,40,23,13,42,26,33
1023,05.08.2013,35,23,15,08,02,10
1024,07.08.2013,04,41,33,27,44,09
1025,09.08.2013,28,23,42,22,34,10
1026,12.08.2013,12,32,07,44,30,26
1027,14.08.2013,11,37,19,32,41,23
1028,16.08.2013,24,18,33,45,09,16
1029,19.08.2013,14,06,28,09,24,40
1030,21.08.2013,15,33,07,06,19,13
1031,23.08.2013,15,26,18,34,13,29
1032,26.08.2013,15,39,04,02,27,09
1033,28.08.2013,11,28,15,30,39,27
1034,30.08.2013,17,10,08,37,39,18
1035,02.09.2013,11,05,21,13,33,01
1036,04.09.2013,31,07,11,34,36,08
1037,06.09.2013,33,44,01,37,26,31
1038,09.09.2013,33,25,37,01,43,23
1039,11.09.2013,42,01,04,02,08,24
1040,13.09.2013,39,01,13,19,16,22
1041,16.09.2013,19,27,06,11,34,29
1042,18.09.2013,19,12,17,31,02,16
1043,20.09.2013,31,13,33,36,02,09
1044,23.09.2013,40,34,45,29,16,01
1045,25.09.2013,18,17,29,12,27,44
1046,27.09.2013,45,26,28,05,23,10
1047,30.09.2013,45,22,24,23,42,11
1048,02.10.2013,30,33,21,25,26,45
1049,04.10.2013,12,14,08,39,02,42
1050,07.10.2013,08,16,39,13,20,26
1051,09.10.2013,42,31,21,19,44,13
1052,11.10.2013,25,20,41,11,15,26
1053,14.10.2013,31,13,41,01,05,15
1054,16.10.2013,36,06,01,35,09,41
1055,18.10.2013,12,18,43,28,17,29
1056,21.10.2013,12,26,11,04,29,38
1057,23.10.2013,26,34,31,44,12,04
1058,25.10.2013,14,30,09,01,20,06
1059,28.10.2013,44,33,18,45,17,10
1060,30.10.2013,24,20,45,37,33,16
1061,01.11.2013,29,10,31,04,01,08
1062,04.11.2013,25,24,23,11,07,38
1063,06.11.2013,01,12,25,28,37,27
1064,08.11.2013,11,29,27,04,16,08
1065,11.11.2013,24,19,31,36,04,33
1066,13.11.2013,07,08,45,10,30,20
1067,15.11.2013,45,16,25,23,01,07
1068,18.11.2013,21,10,28,17,30,26
1069,20.11.2013,32,08,25,07,44,20
1070,22.11.2013,32,10,37,29,40,06
1071,25.11.2013,34,03,37,42,05,06
1072,27.11.2013,15,37,16,03,38,43
1073,29.11.2013,37,45,33,06,04,31
1074,02.12.2013,02,22,43,05,13,20
1075,04.12.2013,28,32,18,26,24,37
1076,06.12.2013,38,21,44,19,35,34
1077,09.12.2013,28,04,42,24,02,43
1078,11.12.2013,05,06,34,43,23,31
1079,13.12.2013,38,35,45,19,34,27
1080,16.12.2013,44,26,25,22,23,02
1081,18.12.2013,40,42,05,19,01,21
1082,20.12.2013,02,22,38,42,28,26
1083,23.12.2013,34,06,36,24,32,09
1084,27.12.2013,26,27,15,21,29,45
1085,30.12.2013,01,26,02,29,11,41
1086,03.01.2014,33,30,39,34,24,19
1087,06.01.2014,34,24,39,04,01,33
1088,08.01.2014,16,19,04,36,22,12
1089,10.01.2014,34,23,25,44,35,02
1090,13.01.2014,32,25,21,11,34,29
1091,15.01.2014,20,40,10,13,38,28
1092,17.01.2014,13,35,45,43,26,17
1093,20.01.2014,41,16,30,28,05,07
1094,22.01.2014,24,37,23,34,13,31
1095,24.01.2014,41,39,09,22,18,03
1096,27.01.2014,36,02,08,33,15,06
1097,29.01.2014,02,45,17,39,15,20
1098,31.01.2014,38,16,32,07,19,14
1099,03.02.2014,07,09,32,30,39,04
1100,05.02.2014,44,17,21,38,11,01
1101,07.02.2014,29,03,06,18,43,23
1102,10.02.2014,18,15,13,22,41,28
1103,12.02.2014,04,23,18,01,39,25
1104,14.02.2014,02,10,14,38,31,33
1105,17.02.2014,37,12,16,15,23,14
1106,19.02.2014,06,14,28,44,16,42
1107,21.02.2014,03,43,08,42,40,31
1108,24.02.2014,10,37,42,09,20,04
1109,26.02.2014,27,14,37,23,07,31
1110,28.02.2014,07,44,29,17,19,16
1111,03.03.2014,07,25,18,08,04,36
1112,05.03.2014,34,25,03,43,33,44
1113,07.03.2014,24,05,28,19,36,34
1114,10.03.2014,20,08,34,44,23,27
1115,12.03.2014,02,08,07,21,15,32
1116,14.03.2014,39,32,44,07,05,16
1117,17.03.2014,15,27,39,25,03,04
1118,19.03.2014,41,04,28,19,39,12
1119,21.03.2014,21,11,29,15,37,35
1120,24.03.2014,09,15,19,31,45,11
1121,26.03.2014,21,15,34,32,31,44
1122,28.03.2014,27,11,26,14,45,21
1123,31.03.2014,38,39,14,22,18,27
1124,02.04.2014,24,11,13,19,07,34
1125,04.04.2014,23,05,36,03,27,08
1126,07.04.2014,31,26,03,14,45,19
1127,09.04.2014,07,12,20,02,39,36
1128,11.04.2014,28,42,06,43,44,15
1129,14.04.2014,30,16,06,10,18,12
1130,16.04.2014,22,05,40,36,06,33
1131,21.04.2014,31,36,38,41,45,37
1132,23.04.2014,27,05,13,34,40,15
1133,25.04.2014,22,18,07,31,01,15
1134,28.04.2014,39,21,32,43,19,17
1135,30.04.2014,06,24,15,16,26,22
1136,02.05.2014,09,38,44,11,41,28
1137,05.05.2014,17,08,34,36,14,41
1138,07.05.2014,28,33,12,18,37,39
1139,09.05.2014,26,42,19,28,11,40
1140,12.05.2014,18,31,37,16,26,36
1141,14.05.2014,04,09,35,29,28,44
1142,16.05.2014,09,23,05,19,37,10
1143,19.05.2014,18,43,20,17,38,34
1144,21.05.2014,24,44,04,16,34,40
1145,23.05.2014,07,42,14,21,31,27
1146,26.05.2014,21,20,28,10,25,14
1147,28.05.2014,03,32,04,29,31,37
1148,30.05.2014,44,39,23,15,37,27
1149,02.06.2014,16,25,17,02,21,37
1150,04.06.2014,02,08,04,19,29,36
1151,06.06.2014,31,25,39,19,38,28
1152,09.06.2014,35,31,30,22,19,40
1153,11.06.2014,38,20,18,04,35,33
1154,13.06.2014,04,21,39,45,01,13
1155,16.06.2014,29,19,41,09,20,34
1156,18.06.2014,17,12,24,08,45,18
1157,20.06.2014,23,37,31,01,17,19
1158,23.06.2014,19,41,12,16,45,03
1159,25.06.2014,23,38,05,04,28,45
1160,27.06.2014,30,19,17,09,36,08
1161,30.06.2014,43,05,28,18,08,19
1162,02.07.2014,42,17,31,20,06,34
1163,04.07.2014,35,37,05,39,12,11
1164,07.07.2014,31,21,06,07,01,23
1165,09.07.2014,19,43,34,40,42,12
1166,11.07.2014,10,44,35,17,41,40
1167,14.07.2014,24,19,09,35,07,43
1168,16.07.2014,01,44,43,26,11,14
1169,18.07.2014,25,36,02,33,24,29
1170,21.07.2014,15,07,20,27,38,08
1171,23.07.2014,14,44,16,12,05,33
1172,25.07.2014,02,33,05,25,04,29
1173,28.07.2014,18,42,33,23,13,26
1174,30.07.2014,23,36,29,44,35,43
1175,01.08.2014,37,40,36,28,45,29
1176,04.08.2014,01,16,02,17,44,18
1177,06.08.2014,07,44,41,21,17,22
1178,08.08.2014,10,35,29,12,41,11
1179,11.08.2014,32,42,09,11,31,10
1180,13.08.2014,04,45,38,34,19,28
1181,15.08.2014,34,20,35,42,04,44
1182,18.08.2014,04,42,28,43,26,12
1183,20.08.2014,39,22,36,21,37,45
1184,22.08.2014,45,33,37,13,02,01
1185,25.08.2014,22,38,28,37,33,34
1186,27.08.2014,19,43,28,29,35,34
1187,29.08.2014,20,38,18,41,10,45
1188,01.09.2014,19,35,20,41,44,30
1189,03.09.2014,13,30,41,25,19,34
1190,05.09.2014,15,44,42,22,18,28
1191,08.09.2014,02,41,37,29,24,15
1192,10.09.2014,25,09,01,43,02,12
1193,12.09.2014,27,06,21,20,08,05
1194,15.09.2014,19,30,42,34,24,13
1195,17.09.2014,12,11,33,20,30,23
1196,19.09.2014,33,26,42,37,10,01
1197,22.09.2014,10,15,29,14,19,28
1198,24.09.2014,34,15,33,40,24,06
1199,26.09.2014,06,02,19,43,21,42
1200,29.09.2014,03,40,31,05,21,42
1201,01.10.2014,37,30,06,04,25,14
1202,03.10.2014,10,21,38,17,01,41
1203,06.10.2014,45,24,13,16,29,05
1204,08.10.2014,40,16,17,08,06,05
1205,10.10.2014,28,30,06,09,24,32
1206,13.10.2014,26,27,07,05,30,44
1207,15.10.2014,01,37,34,26,12,03
1208,17.10.2014,43,21,30,13,28,31
1209,20.10.2014,07,08,05,16,33,29
1210,22.10.2014,17,21,33,05,24,40
1211,24.10.2014,18,03,02,31,11,07
1212,27.10.2014,33,40,19,08,34,04
1213,29.10.2014,06,35,19,01,28,40
1214,31.10.2014,35,43,21,24,37,36
1215,03.11.2014,21,28,41,03,42,26
1216,05.11.2014,25,44,12,24,43,02
1217,07.11.2014,38,28,11,12,40,19
1218,10.11.2014,23,26,44,17,36,02
1219,12.11.2014,44,27,30,01,05,10
1220,14.11.2014,44,39,36,28,34,17
1221,17.11.2014,40,43,36,05,31,08
1222,19.11.2014,35,16,29,45,27,30
1223,21.11.2014,09,21,35,03,10,18
1224,24.11.2014,16,34,02,40,15,41
1225,26.11.2014,14,18,22,30,24,10
1226,28.11.2014,07,36,28,05,03,26
1227,01.12.2014,01,41,36,31,17,18
1228,03.12.2014,05,23,28,11,14,09
1229,05.12.2014,44,28,17,19,29,22
1230,08.12.2014,17,13,27,08,28,09
1231,10.12.2014,07,13,35,22,29,25
1232,12.12.2014,30,04,23,12,18,33
1233,15.12.2014,18,16,04,20,01,31
1234,17.12.2014,43,18,37,33,23,41
1235,19.12.2014,03,27,35,04,41,13
1236,22.12.2014,33,26,03,01,12,37
1237,24.12.2014,22,05,44,08,15,02
1238,26.12.2014,19,22,01,14,36,27
1239,29.12.2014,29,09,36,01,19,08
1240,31.12.2014,33,26,32,39,21,45
1241,02.01.2015,35,33,27,08,31,43
1242,05.01.2015,29,04,40,41,45,31
1243,07.01.2015,25,07,24,19,45,40
1244,09.01.2015,32,24,12,28,31,18
1245,12.01.2015,14,31,19,42,40,12
1246,14.01.2015,09,28,35,12,45,25
1247,16.01.2015,08,42,21,17,20,02
1248,19.01.2015,42,37,23,07,43,28
1249,21.01.2015,28,40,30,05,15,11
1250,23.01.2015,18,38,14,11,32,37
1251,26.01.2015,37,08,44,38,33,20
1252,28.01.2015,25,09,11,41,08,45
1253,30.01.2015,05,34,23,30,28,44
1254,02.02.2015,13,12,29,19,15,04
1255,04.02.2015,06,10,43,25,01,34
1256,06.02.2015,06,13,41,04,31,44
1257,09.02.2015,32,13,12,07,35,11
1258,11.02.2015,10,29,26,17,11,07
1259,13.02.2015,38,36,21,05,18,12
1260,16.02.2015,42,17,06,41,31,23
1261,18.02.2015,11,31,45,17,22,05
1262,20.02.2015,09,30,15,41,37,01
1263,23.02.2015,41,13,06,37,26,19
1264,25.02.2015,12,39,23,18,43,21
1265,27.02.2015,37,14,33,07,03,02
1266,02.03.2015,44,04,02,37,25,41
1267,04.03.2015,03,38,10,34,16,28
1268,06.03.2015,18,07,16,29,13,11
1269,09.03.2015,18,21,44,25,23,04
1270,11.03.2015,13,24,45,17,06,29
1271,16.03.2015,06,45,39,26,43,21
1272,20.03.2015,02,03,30,14,29,22
1273,23.03.2015,35,05,10,11,30,08
1274,25.03.2015,07,12,31,01,41,45
1275,27.03.2015,30,02,27,11,10,16
1276,30.03.2015,27,42,19,24,34,41
1277,01.04.2015,44,38,01,25,08,34
1278,06.04.2015,28,16,12,15,27,17
1279,08.04.2015,39,03,13,24,14,20
1280,10.04.2015,14,20,45,39,16,26
1281,13.04.2015,08,29,11,36,02,27
1282,15.04.2015,05,16,33,41,34,11
1283,13.03.2015,03,05,42,40,39,45
1284,18.03.2015,12,02,40,33,13,17
1285,17.04.2015,04,39,13,16,05,30
1286,20.04.2015,02,29,08,25,03,39
1287,22.04.2015,34,21,15,26,09,45
1288,24.04.2015,20,16,39,31,19,10
1289,27.04.2015,15,11,29,17,28,45
1290,29.04.2015,20,05,42,14,12,24
1291,01.05.2015,34,21,08,31,37,01
1292,04.05.2015,11,44,13,05,20,17
1293,06.05.2015,19,24,11,01,07,09
1294,08.05.2015,22,28,40,05,08,02
1295,11.05.2015,36,33,23,39,26,02
1296,13.05.2015,08,27,12,24,21,17
1297,15.05.2015,36,44,05,33,06,09
1298,18.05.2015,33,41,11,04,43,13
1299,20.05.2015,11,23,14,26,43,07
1300,22.05.2015,07,27,28,18,19,08
1301,25.05.2015,27,29,10,08,22,02
1302,27.05.2015,21,02,28,31,13,06
1303,29.05.2015,27,44,26,11,39,12
1304,01.06.2015,32,38,23,24,05,15
1305,03.06.2015,17,08,03,34,14,20
1306,05.06.2015,30,39,41,06,35,37
1307,08.06.2015,36,14,01,34,24,27
1308,10.06.2015,11,30,07,33,02,40
1309,12.06.2015,25,05,29,41,03,35
1310,15.06.2015,41,33,31,21,25,19
1311,17.06.2015,14,21,25,36,45,03
1312,19.06.2015,03,20,27,08,07,45
1313,22.06.2015,23,19,01,43,12,07
1314,24.06.2015,28,26,11,31,15,12
1315,26.06.2015,21,05,01,04,11,26
1316,29.06.2015,36,04,31,39,25,10
1317,01.07.2015,24,29,31,27,42,38
1318,03.07.2015,17,13,08,38,22,34
1319,06.07.2015,22,43,14,02,35,10
1320,08.07.2015,13,43,45,29,25,38
1321,10.07.2015,02,18,08,24,30,45
1322,13.07.2015,26,11,15,03,43,10
1323,15.07.2015,30,29,01,32,27,03
1324,17.07.2015,02,38,08,18,09,35
1325,20.07.2015,09,42,26,25,28,29
1326,22.07.2015,31,44,13,05,38,16
1327,24.07.2015,44,30,32,31,01,22
1328,27.07.2015,02,01,06,05,20,10
1329,29.07.2015,30,08,26,21,34,43
1330,31.07.2015,10,20,32,27,09,43
1331,03.08.2015,26,32,40,36,42,37
1332,05.08.2015,43,22,17,41,44,30
1333,07.08.2015,08,25,28,42,18,39
1334,10.08.2015,03,34,43,05,33,04
1335,12.08.2015,30,12,10,38,21,40
1336,14.08.2015,16,29,33,09,27,07
1337,17.08.2015,11,29,19,37,39,41
1338,19.08.2015,14,45,07,28,44,01
1339,21.08.2015,27,38,40,16,02,37
1340,24.08.2015,11,10,08,23,12,07
1341,26.08.2015,16,14,35,31,05,34
1342,28.08.2015,23,06,03,45,20,42
1343,31.08.2015,38,32,44,25,07,06
1344,02.09.2015,07,01,04,15,38,13
1345,04.09.2015,12,16,30,39,09,26
1346,07.09.2015,30,07,18,24,39,14
1347,09.09.2015,22,08,33,24,27,35
1348,11.09.2015,25,44,29,13,24,34
1349,14.09.2015,12,02,41,44,27,26
1350,16.09.2015,40,38,43,21,39,02
1351,18.09.2015,19,26,41,24,38,39
1352,21.09.2015,22,31,06,07,30,19
1353,23.09.2015,09,21,29,25,14,45
1354,25.09.2015,06,16,43,27,19,18
1355,28.09.2015,10,16,39,09,34,06
1356,30.09.2015,39,17,27,43,28,40
1357,02.10.2015,04,16,06,38,26,03
1358,05.10.2015,39,45,25,05,14,02
1359,07.10.2015,27,41,12,18,35,19
1360,09.10.2015,09,07,20,21,25,12
1361,12.10.2015,38,18,01,06,11,28
1362,14.10.2015,05,29,24,25,15,36
1363,16.10.2015,14,38,22,05,36,32
1364,19.10.2015,16,26,22,14,13,10
1365,21.10.2015,17,18,36,37,34,28
1366,23.10.2015,34,06,29,23,08,02
1367,26.10.2015,32,09,22,12,45,15
1368,28.10.2015,11,39,05,31,35,17
1369,30.10.2015,26,31,02,05,03,43
1370,02.11.2015,04,44,14,15,45,02
1371,04.11.2015,38,41,24,07,31,26
1372,06.11.2015,29,17,02,36,37,25
1373,09.11.2015,27,14,36,23,06,32
1374,11.11.2015,39,37,27,44,05,25
1375,13.11.2015,02,25,30,38,24,29
1376,16.11.2015,44,08,34,16,01,13
1377,18.11.2015,29,15,20,34,37,30
1378,20.11.2015,14,08,45,09,33,31
1379,23.11.2015,18,23,34,30,21,01
1380,25.11.2015,10,04,45,14,40,39
1381,27.11.2015,01,31,04,39,12,24
1382,30.11.2015,08,13,30,25,02,37
1383,02.12.2015,34,31,04,25,38,27
1384,04.12.2015,14,43,45,05,15,37
1385,07.12.2015,03,32,13,39,44,35
1386,09.12.2015,15,42,35,29,21,30
1387,11.12.2015,31,01,17,08,12,35
1388,14.12.2015,22,27,43,10,17,36
1389,16.12.2015,28,27,30,36,45,19
1390,18.12.2015,16,29,10,15,17,19
1391,21.12.2015,12,24,34,11,31,06
1392,23.12.2015,02,12,34,04,43,20
1393,28.12.2015,39,21,01,22,17,11
1394,30.12.2015,34,10,20,39,06,31
1395,04.01.2016,09,31,28,43,07,15
1396,06.01.2016,18,16,17,42,40,33
1397,08.01.2016,37,21,39,34,19,41
1398,11.01.2016,30,12,11,44,06,14
1399,13.01.2016,22,29,06,27,07,42
1400,15.01.2016,04,45,05,20,14,29
1401,18.01.2016,35,20,24,28,45,29
1402,20.01.2016,43,21,42,04,14,26
1403,22.01.2016,31,43,10,27,44,05
1404,25.01.2016,13,38,22,21,40,09
1405,27.01.2016,09,31,36,38,42,16
1406,29.01.2016,10,12,43,35,28,13
1407,01.02.2016,09,14,40,37,32,35
1408,03.02.2016,31,17,13,20,14,05
1409,05.02.2016,01,36,15,10,08,33
1410,08.02.2016,36,07,03,18,09,30
1411,10.02.2016,37,23,01,43,15,18
1412,12.02.2016,36,19,14,06,12,11
1413,15.02.2016,31,25,20,23,36,13
1414,17.02.2016,16,07,31,06,34,18
1415,19.02.2016,02,41,19,11,21,24
1416,22.02.2016,41,25,31,06,39,16
1417,24.02.2016,01,30,31,37,09,35
1418,26.02.2016,34,26,24,29,23,03
1419,29.02.2016,22,03,35,27,01,32
1420,02.03.2016,21,18,03,05,34,10
1421,04.03.2016,22,33,10,39,16,25
1422,07.03.2016,23,02,36,35,42,45
1423,09.03.2016,28,25,38,36,42,23
1424,11.03.2016,38,39,41,24,37,22
1425,14.03.2016,15,03,25,16,24,41
1426,16.03.2016,09,27,43,02,31,22
1427,18.03.2016,18,02,32,11,35,44
1428,21.03.2016,25,23,39,06,33,20
1429,23.03.2016,44,18,19,34,35,21
1430,28.03.2016,20,24,19,44,16,30
1431,30.03.2016,23,15,34,31,07,10
1432,01.04.2016,34,15,40,08,23,44
1433,04.04.2016,41,35,24,43,37,25
1434,06.04.2016,13,22,18,44,02,21
1435,08.04.2016,24,35,17,06,41,10
1436,11.04.2016,33,39,08,36,32,05
1437,13.04.2016,07,45,44,31,30,43
1438,15.04.2016,23,33,06,31,40,12
1439,18.04.2016,17,21,15,20,35,16
1440,20.04.2016,44,22,32,21,01,38
1441,22.04.2016,07,23,01,39,20,35
1442,25.04.2016,06,44,31,18,41,08
1443,27.04.2016,35,17,07,26,21,24
1444,29.04.2016,44,33,45,23,11,37
1445,02.05.2016,03,39,27,41,28,38
1446,04.05.2016,24,19,12,35,26,22
1447,06.05.2016,09,40,04,07,23,42
1448,09.05.2016,33,19,25,11,45,10
1449,11.05.2016,11,31,04,45,44,06
1450,13.05.2016,25,05,18,10,29,04
1451,16.05.2016,33,42,27,06,21,04
1452,18.05.2016,08,06,16,40,05,27
1453,20.05.2016,08,39,12,37,04,18
1454,23.05.2016,35,34,42,40,22,07
1455,25.05.2016,36,08,16,45,40,10
1456,27.05.2016,05,19,12,24,43,25
1457,30.05.2016,15,26,39,42,02,19
1458,01.06.2016,12,29,03,01,16,17
1459,03.06.2016,43,15,10,21,12,37
1460,06.06.2016,44,26,30,25,07,42
1461,08.06.2016,25,43,20,35,33,18
1462,10.06.2016,41,44,10,33,24,22
1463,13.06.2016,27,42,01,17,38,41
1464,15.06.2016,04,11,24,33,07,39
1465,17.06.2016,01,23,17,11,03,43
1466,20.06.2016,27,03,13,38,40,16
1467,22.06.2016,41,24,05,36,31,09
1468,24.06.2016,16,15,11,25,39,24
1469,27.06.2016,17,27,24,21,20,30
1470,29.06.2016,24,15,43,25,05,10
1471,01.07.2016,26,45,29,10,03,04
1472,04.07.2016,31,27,41,23,01,36
1473,06.07.2016,19,27,01,03,02,09
1474,08.07.2016,31,11,26,23,20,08
1475,11.07.2016,19,42,11,27,28,03
1476,13.07.2016,12,37,42,41,15,33
1477,15.07.2016,27,02,20,23,21,41
1478,18.07.2016,42,40,32,05,27,19
1479,20.07.2016,13,19,31,08,06,14
1480,22.07.2016,44,34,08,07,19,40
1481,25.07.2016,04,29,36,34,40,41
1482,27.07.2016,37,35,34,28,25,43
1483,29.07.2016,17,05,21,41,36,09
1484,01.08.2016,01,20,40,17,26,44
1485,03.08.2016,40,41,29,21,03,13
1486,05.08.2016,19,07,11,39,28,17
1487,08.08.2016,31,15,35,16,11,09
1488,10.08.2016,30,07,39,34,20,23
1489,12.08.2016,39,25,16,17,05,27
1490,15.08.2016,05,36,09,39,25,42
1491,17.08.2016,31,08,43,11,13,29
1492,19.08.2016,22,25,19,31,43,30
1493,22.08.2016,04,25,15,37,28,02
1494,24.08.2016,12,07,09,02,15,25
1495,26.08.2016,21,08,23,34,02,28
1496,29.08.2016,42,04,30,26,27,37
1497,31.08.2016,26,22,44,09,42,29
1498,02.09.2016,43,23,36,35,19,22
1499,05.09.2016,17,12,05,11,25,31
1500,07.09.2016,35,43,22,07,02,17
1501,09.09.2016,22,29,36,38,27,30
1502,12.09.2016,22,32,10,23,38,43
1503,14.09.2016,31,07,33,35,24,13
1504,16.09.2016,25,24,06,13,14,05
1505,19.09.2016,10,03,22,27,41,30
1506,21.09.2016,40,31,25,35,33,19
1507,23.09.2016,41,32,01,03,19,18
1508,26.09.2016,03,31,11,21,42,41
1509,28.09.2016,19,42,07,34,25,16
1510,30.09.2016,10,30,35,13,39,17
1511,03.10.2016,34,28,13,40,35,18
1512,05.10.2016,25,23,10,32,04,15
1513,07.10.2016,37,15,20,31,28,24
1514,10.10.2016,32,14,30,21,07,01
1515,12.10.2016,09,28,23,37,10,03
1516,14.10.2016,34,09,03,02,25,15
1517,17.10.2016,07,38,29,01,03,21
1518,19.10.2016,26,16,45,09,36,14
1519,21.10.2016,30,19,13,08,33,10
1520,24.10.2016,10,28,34,14,33,38
1521,26.10.2016,36,27,15,16,22,23
1522,28.10.2016,17,28,11,38,39,27
1523,31.10.2016,38,07,35,22,40,34
1524,02.11.2016,17,16,02,27,28,07
1525,04.11.2016,30,32,21,13,20,04
1526,07.11.2016,11,31,24,17,39,16
1527,09.11.2016,14,07,40,15,42,38
1528,11.11.2016,42,32,30,43,16,44
1529,14.11.2016,15,02,18,11,16,43
1530,16.11.2016,20,31,27,25,01,03
1531,18.11.2016,12,45,02,18,37,32
1532,21.11.2016,10,21,16,05,25,23
1533,23.11.2016,23,15,35,02,34,22
1534,25.11.2016,04,38,20,40,22,18
1535,28.11.2016,13,35,24,01,05,34
1536,30.11.2016,44,10,17,16,31,35
1537,02.12.2016,23,34,19,43,38,27
1538,05.12.2016,13,35,20,41,40,09
1539,07.12.2016,10,22,38,15,02,34
1540,09.12.2016,11,01,07,18,12,24
1541,12.12.2016,04,29,25,06,38,03
1542,14.12.2016,04,41,15,08,26,22
1543,16.12.2016,26,16,14,35,11,01
1544,19.12.2016,27,20,03,33,26,30
1545,21.12.2016,25,18,14,08,27,20
1546,23.12.2016,05,22,38,42,11,01
1547,26.12.2016,40,08,10,41,18,22
1548,28.12.2016,12,07,13,28,36,05
1549,30.12.2016,30,05,06,21,25,01
1550,02.01.2017,02,23,06,05,42,36
1551,04.01.2017,26,08,01,40,32,02
1552,06.01.2017,31,22,26,16,39,09
1553,09.01.2017,02,08,13,42,01,44
1554,11.01.2017,20,31,05,40,14,02
1555,13.01.2017,35,37,21,40,03,38
1556,16.01.2017,33,42,03,23,13,18
1557,18.01.2017,39,23,10,28,30,21
1558,20.01.2017,44,13,22,19,40,09
1559,23.01.2017,20,45,32,03,34,01
1560,25.01.2017,41,37,33,45,19,21
1561,27.01.2017,22,27,39,09,33,19
1562,30.01.2017,10,03,11,30,18,23
1563,01.02.2017,31,22,30,19,21,11
1564,03.02.2017,14,29,23,17,24,02
1565,06.02.2017,07,39,18,28,03,36
1566,08.02.2017,20,27,26,43,42,38
1567,10.02.2017,31,32,45,22,12,01
1568,13.02.2017,19,04,21,45,34,41
1569,15.02.2017,07,23,29,18,25,22
1570,17.02.2017,16,34,33,43,45,42
1571,20.02.2017,37,38,20,36,31,10
1572,22.02.2017,04,27,37,01,19,38
1573,24.02.2017,12,42,28,17,01,38
1574,27.02.2017,15,27,33,13,30,32
1575,01.03.2017,34,17,15,11,16,23
1576,03.03.2017,42,31,36,20,03,08
1577,06.03.2017,21,22,18,27,26,38
1578,08.03.2017,43,24,22,18,05,27
1579,10.03.2017,43,20,05,30,34,13
1580,13.03.2017,01,40,41,39,45,38
1581,15.03.2017,19,43,24,06,12,15
1582,17.03.2017,21,22,03,39,04,08
1583,20.03.2017,03,09,34,31,08,35
1584,22.03.2017,34,30,23,22,06,21
1585,24.03.2017,11,38,32,17,08,13
1586,27.03.2017,31,44,02,14,19,29
1587,29.03.2017,21,05,31,27,29,16
1588,31.03.2017,44,42,11,07,10,28
1589,03.04.2017,34,24,17,33,26,02
1590,05.04.2017,04,14,37,07,41,27
1591,07.04.2017,22,38,31,33,15,06
1592,10.04.2017,15,26,02,14,10,11
1593,12.04.2017,41,13,11,18,35,15
1594,17.04.2017,39,06,01,17,34,23
1595,19.04.2017,40,30,01,04,27,15
1596,21.04.2017,16,20,08,23,15,04
1597,24.04.2017,40,03,17,04,27,37
1598,26.04.2017,18,02,05,42,12,44
1599,28.04.2017,12,20,11,22,01,30
1600,01.05.2017,23,44,02,05,35,25
1601,03.05.2017,38,09,10,17,08,01
1602,05.05.2017,02,10,31,15,19,16
1603,08.05.2017,30,22,35,44,01,18
1604,10.05.2017,25,28,43,20,05,44
1605,12.05.2017,21,37,10,04,17,02
1606,15.05.2017,16,36,29,18,32,07
1607,17.05.2017,17,36,27,33,14,05
1608,19.05.2017,15,02,09,44,04,30
1609,22.05.2017,09,42,06,10,13,27
1610,24.05.2017,05,09,28,42,12,31
1611,26.05.2017,14,26,13,05,28,21
1612,29.05.2017,25,16,01,20,11,29
1613,31.05.2017,25,44,32,27,02,06
1614,02.06.2017,20,34,32,43,42,09
1615,05.06.2017,35,04,31,38,44,08
1616,07.06.2017,25,13,11,21,30,45
1617,09.06.2017,06,42,29,25,23,19
1618,12.06.2017,28,30,17,37,11,39
1619,14.06.2017,41,15,11,16,29,06
1620,16.06.2017,23,28,34,36,26,27
1621,19.06.2017,07,40,28,19,06,14
1622,21.06.2017,43,09,31,06,18,23
1623,23.06.2017,28,27,19,21,18,11
1624,26.06.2017,18,31,27,37,19,45
1625,28.06.2017,29,42,45,10,33,04
1626,30.06.2017,42,40,39,21,07,16
1627,03.07.2017,41,10,21,16,38,26
1628,05.07.2017,21,13,20,22,26,35
1629,07.07.2017,11,09,35,05,01,10
1630,10.07.2017,04,05,41,35,33,43
1631,12.07.2017,31,35,12,43,38,03
1632,14.07.2017,29,15,06,27,30,39
1633,17.07.2017,06,35,25,16,37,05
1634,19.07.2017,45,18,12,08,03,24
1635,21.07.2017,01,04,15,29,06,22
1636,24.07.2017,11,18,34,33,09,08
1637,26.07.2017,43,42,22,41,02,14
1638,28.07.2017,23,39,05,15,16,24
1639,31.07.2017,19,22,39,40,10,29
1640,02.08.2017,26,03,33,43,02,21
1641,04.08.2017,42,22,23,27,03,19
1642,07.08.2017,04,33,45,35,20,24
1643,09.08.2017,05,28,45,43,01,09
1644,11.08.2017,44,11,40,20,08,02
1645,14.08.2017,42,07,29,28,05,13
1646,16.08.2017,17,08,45,24,01,40
1647,18.08.2017,27,05,36,28,24,41
1648,21.08.2017,10,01,35,28,05,22
1649,23.08.2017,17,10,40,27,12,34
1650,25.08.2017,45,37,39,03,24,12
1651,28.08.2017,20,02,41,35,25,07
1652,30.08.2017,25,38,20,01,30,32
1653,01.09.2017,38,42,09,02,04,35
1654,04.09.2017,43,14,42,23,30,17
1655,06.09.2017,38,22,34,25,11,29
1656,08.09.2017,21,32,17,16,44,22
1657,11.09.2017,02,06,11,33,40,15
1658,13.09.2017,32,05,43,18,04,28
1659,15.09.2017,26,44,28,06,23,37
1660,18.09.2017,31,04,01,45,06,27
1661,20.09.2017,26,34,19,37,07,45
1662,22.09.2017,34,22,44,25,24,42
1663,25.09.2017,27,29,39,30,22,06
1664,27.09.2017,06,16,09,12,13,29
1665,29.09.2017,42,01,06,38,41,21
1666,02.10.2017,20,29,40,06,28,45
1667,04.10.2017,36,16,25,04,20,28
1668,06.10.2017,29,25,04,06,32,43
1669,09.10.2017,19,32,09,07,10,18
1670,11.10.2017,10,21,04,17,22,43
1671,13.10.2017,09,40,19,25,42,06
1672,16.10.2017,08,16,19,25,01,27
1673,18.10.2017,11,41,37,22,14,43
1674,20.10.2017,45,20,41,28,33,12
1675,23.10.2017,10,07,17,26,01,20
1676,25.10.2017,23,44,31,13,29,38
1677,27.10.2017,06,20,14,33,24,19
1678,30.10.2017,36,22,26,21,07,16
1679,01.11.2017,03,33,09,12,38,22
1680,03.11.2017,40,32,39,15,35,11
1681,06.11.2017,01,28,17,39,26,05
1682,08.11.2017,04,40,25,28,38,44
1683,10.11.2017,45,02,09,43,30,10
1684,13.11.2017,28,23,32,45,29,05
1685,15.11.2017,16,06,36,03,35,33
1686,17.11.2017,07,43,15,33,09,32
1687,20.11.2017,03,28,07,22,41,40
1688,22.11.2017,37,34,12,40,18,02
1689,24.11.2017,32,35,45,14,31,11
1690,27.11.2017,25,43,22,37,24,15
1691,29.11.2017,02,26,07,04,32,03
1692,01.12.2017,23,03,24,18,21,10
1693,04.12.2017,44,08,06,30,03,18
1694,06.12.2017,10,03,02,36,09,04
1695,08.12.2017,32,19,14,20,40,25
1696,11.12.2017,11,45,41,33,15,25
1697,13.12.2017,06,26,41,38,33,22
1698,15.12.2017,06,19,17,44,09,22
1699,18.12.2017,01,23,38,36,06,27
1700,20.12.2017,10,14,16,25,11,27
1701,22.12.2017,11,40,23,02,28,17
1702,27.12.2017,33,22,17,21,35,24
1703,29.12.2017,34,39,28,36,10,42
1704,03.01.2018,26,16,22,19,45,07
1705,05.01.2018,09,38,16,34,10,40
1706,08.01.2018,28,40,31,21,11,04
1707,10.01.2018,27,13,01,37,02,32
1708,12.01.2018,31,10,36,04,07,41
1709,15.01.2018,02,08,27,23,11,36
1710,17.01.2018,40,16,04,34,24,20
1711,19.01.2018,14,09,42,19,04,34
1712,22.01.2018,21,24,40,43,18,04
1713,24.01.2018,31,43,32,26,38,29
1714,26.01.2018,25,24,14,15,06,04
1715,29.01.2018,45,25,09,02,32,18
1716,31.01.2018,03,13,23,44,20,41
1717,02.02.2018,09,02,20,22,42,25
1718,05.02.2018,35,32,02,11,01,13
1719,07.02.2018,38,14,44,07,26,34
1720,09.02.2018,11,36,40,43,02,06
1721,12.02.2018,39,43,10,32,18,33
1722,14.02.2018,13,39,12,11,24,15
1723,16.02.2018,39,23,20,19,05,40
1724,19.02.2018,23,43,19,38,41,04
1725,21.02.2018,37,20,40,36,14,15
1726,23.02.2018,04,45,30,31,06,02
1727,26.02.2018,32,33,42,30,28,31
1728,28.02.2018,18,29,36,24,38,07
1729,02.03.2018,30,10,33,25,37,16
1730,05.03.2018,18,39,40,44,19,20
1731,07.03.2018,10,05,17,07,29,21
1732,09.03.2018,27,16,08,38,39,03
1733,12.03.2018,29,45,18,13,23,17
1734,14.03.2018,33,06,14,44,19,20
1735,16.03.2018,16,29,33,23,24,25
1736,19.03.2018,12,32,28,27,44,13
1737,21.03.2018,15,30,14,07,42,29
1738,23.03.2018,21,32,44,18,03,28
1739,26.03.2018,40,36,35,12,42,21
1740,28.03.2018,43,14,04,05,13,24
1741,02.04.2018,13,34,25,33,37,05
1742,04.04.2018,25,45,07,04,06,20
1743,06.04.2018,09,28,22,03,37,38
1744,09.04.2018,23,41,27,34,33,32
1745,11.04.2018,37,22,08,24,16,20
1746,13.04.2018,21,31,03,07,17,30
1747,16.04.2018,24,41,44,11,45,07
1748,18.04.2018,38,03,16,12,43,33
1749,20.04.2018,41,12,28,25,11,44
1750,23.04.2018,40,01,26,04,32,42
1751,25.04.2018,43,01,38,17,30,08
1752,27.04.2018,05,27,33,21,42,25
1753,30.04.2018,23,38,36,08,10,21
1754,02.05.2018,10,32,41,42,44,24
1755,04.05.2018,29,35,28,22,31,26
1756,07.05.2018,11,13,33,30,39,36
1757,09.05.2018,17,14,12,43,25,15
1758,11.05.2018,24,10,28,15,25,12
1759,14.05.2018,15,37,42,07,43,01
1760,16.05.2018,38,32,23,40,17,45
1761,18.05.2018,18,26,35,21,07,32
1762,21.05.2018,36,25,12,21,39,38
1763,23.05.2018,17,01,40,43,04,05
1764,25.05.2018,34,12,22,15,20,27
1765,28.05.2018,35,20,19,37,26,44
1766,30.05.2018,40,04,21,24,02,39
1767,01.06.2018,43,17,26,11,27,31
1768,04.06.2018,18,41,02,32,06,12
1769,06.06.2018,37,33,28,42,18,38
1770,08.06.2018,24,03,35,34,06,07
1771,11.06.2018,01,32,33,39,28,40
1772,13.06.2018,06,09,14,32,41,04
1773,15.06.2018,36,33,43,45,04,16
1774,18.06.2018,31,45,34,11,16,17
1775,20.06.2018,09,20,01,43,26,18
1776,22.06.2018,18,10,04,38,11,20
1777,25.06.2018,20,36,42,33,38,19
1778,27.06.2018,30,32,31,27,44,02
1779,29.06.2018,33,41,19,29,08,01
1780,02.07.2018,42,22,05,28,04,35
1781,04.07.2018,25,41,29,11,31,21
1782,06.07.2018,11,40,31,08,15,16
1783,09.07.2018,25,44,20,24,16,12
1784,11.07.2018,03,07,24,04,31,41
1785,13.07.2018,28,16,11,45,25,10
1786,16.07.2018,22,13,27,17,10,01
1787,18.07.2018,31,18,05,09,43,12
1788,20.07.2018,01,03,35,09,39,38
1789,23.07.2018,32,02,19,01,07,21
1790,25.07.2018,42,30,26,05,08,23
1791,27.07.2018,18,03,30,02,31,33
1792,30.07.2018,09,24,16,45,26,30
1793,01.08.2018,19,38,13,41,43,03
1794,03.08.2018,29,04,39,12,38,34
1795,06.08.2018,39,05,38,20,09,41
1796,08.08.2018,31,03,25,21,15,12
1797,10.08.2018,31,35,21,32,11,09
1798,13.08.2018,16,26,18,17,22,03
1799,15.08.2018,44,40,02,10,39,32
1800,17.08.2018,29,23,24,37,20,41
1801,20.08.2018,34,20,28,17,31,11
1802,22.08.2018,07,14,15,27,23,18
1803,24.08.2018,24,39,17,33,15,08
1804,27.08.2018,03,16,06,32,44,34
1805,29.08.2018,07,17,15,13,36,08
1806,31.08.2018,14,25,43,01,05,42
1807,03.09.2018,06,11,39,12,15,27
1808,05.09.2018,13,20,23,31,05,33
1809,07.09.2018,26,08,45,17,19,25
1810,10.09.2018,19,45,44,32,33,06
1811,12.09.2018,33,10,19,03,09,20
1812,14.09.2018,24,10,45,01,16,42
1813,17.09.2018,29,30,07,16,17,14
1814,19.09.2018,24,08,36,20,01,13
1815,21.09.2018,03,11,37,42,33,26
1816,24.09.2018,12,21,42,38,44,03
1817,26.09.2018,20,29,28,26,35,01
1818,28.09.2018,27,12,05,29,04,15
1819,01.10.2018,14,09,18,26,17,11
1820,03.10.2018,20,39,22,21,23,36
1821,05.10.2018,19,40,36,38,28,23
1822,08.10.2018,41,05,21,31,45,03
1823,10.10.2018,43,31,28,37,32,22
1824,12.10.2018,23,26,12,10,36,30
1825,15.10.2018,40,37,27,10,28,07
1826,17.10.2018,18,44,16,34,32,01
1827,19.10.2018,31,21,22,11,20,45
1828,22.10.2018,13,25,26,30,28,23
1829,24.10.2018,31,23,32,16,42,13
1830,26.10.2018,03,38,37,02,25,10
1831,29.10.2018,39,25,07,36,31,03
1832,31.10.2018,14,23,22,34,38,20
1833,02.11.2018,01,33,38,27,35,20
1834,05.11.2018,02,38,26,41,01,31
1835,07.11.2018,29,05,16,30,36,33
1836,09.11.2018,04,45,39,23,40,03
1837,12.11.2018,04,37,12,42,20,07
1838,14.11.2018,23,06,30,24,26,05
1839,16.11.2018,15,23,24,13,34,06
1840,19.11.2018,08,27,32,02,04,18
1841,21.11.2018,23,11,25,37,12,44
1842,23.11.2018,03,11,31,22,29,08
1843,26.11.2018,21,43,09,23,08,35
1844,28.11.2018,03,01,04,35,18,08
1845,30.11.2018,32,22,06,07,02,41
1846,03.12.2018,06,10,18,02,31,26
1847,05.12.2018,07,24,13,03,27,40
1848,07.12.2018,25,30,24,28,05,38
1849,10.12.2018,27,11,14,45,41,39
1850,12.12.2018,37,15,40,04,23,31
1851,14.12.2018,33,32,19,02,21,25
1852,17.12.2018,20,43,35,28,44,02
1853,19.12.2018,44,04,09,39,03,36
1854,21.12.2018,28,07,21,42,23,39
1855,24.12.2018,45,54,18,33,52,04
1856,26.12.2018,40,06,26,33,13,15
1857,28.12.2018,35,26,41,18,16,19
1858,31.12.2018,39,29,27,32,01,24
1859,02.01.2019,10,37,39,45,15,21
1860,04.01.2019,26,27,23,14,06,21
1861,07.01.2019,04,21,41,08,02,23
1862,09.01.2019,20,02,21,05,37,26
1863,11.01.2019,02,31,18,32,44,43
1864,14.01.2019,29,38,06,02,31,01
1865,16.01.2019,17,26,02,15,19,12
1866,18.01.2019,22,39,05,44,45,03
1867,21.01.2019,13,30,32,16,09,20
1868,23.01.2019,19,01,25,43,18,39
1869,25.01.2019,45,02,44,23,11,20
1870,28.01.2019,27,34,43,06,04,05
1871,30.01.2019,08,25,39,11,41,45
1872,01.02.2019,33,37,07,16,32,36
1873,04.02.2019,23,12,05,06,17,29
1874,06.02.2019,14,44,43,27,22,38
1875,08.02.2019,30,16,25,26,31,10
1876,11.02.2019,36,40,17,32,02,38
1877,13.02.2019,35,32,28,12,16,15
1878,15.02.2019,37,40,31,15,39,28
1879,18.02.2019,18,07,42,32,43,29
1880,20.02.2019,01,23,36,14,24,45
1881,22.02.2019,31,27,38,18,35,08
1882,25.02.2019,45,08,24,27,15,29
1883,27.02.2019,31,14,34,38,02,07
1884,01.03.2019,27,13,11,33,24,38
1885,04.03.2019,35,36,42,16,33,37
1886,06.03.2019,07,06,43,14,24,25
1887,08.03.2019,04,26,45,05,37,01
1888,11.03.2019,17,26,06,38,41,07
1889,13.03.2019,32,04,05,19,03,23
1890,15.03.2019,22,11,29,01,06,04
1891,18.03.2019,21,19,14,40,20,43
1892,20.03.2019,36,12,33,32,22,39
1893,22.03.2019,41,16,07,20,33,23
1894,25.03.2019,41,11,33,22,15,07
1895,27.03.2019,01,18,38,26,17,10
1896,29.03.2019,02,39,42,10,17,25
1897,01.04.2019,20,35,32,29,26,30
1898,03.04.2019,04,35,20,44,23,11
1899,05.04.2019,21,24,15,45,18,17
1900,08.04.2019,08,23,14,09,21,04
1901,10.04.2019,22,43,39,04,12,30
1902,12.04.2019,28,42,04,01,05,16
1903,15.04.2019,20,32,24,18,02,39
1904,17.04.2019,03,36,26,01,15,28
1905,22.04.2019,08,19,42,14,15,26
1906,24.04.2019,19,04,09,45,29,43
1907,26.04.2019,26,05,40,32,21,34
1908,29.04.2019,17,35,18,23,19,10
1909,01.05.2019,17,18,07,40,01,45
1910,03.05.2019,28,11,30,40,22,18
1911,06.05.2019,29,23,40,32,33,12
1912,08.05.2019,44,13,32,34,14,37
1913,10.05.2019,30,03,07,42,01,12
1914,13.05.2019,45,26,04,37,34,06
1915,15.05.2019,22,12,35,01,20,06
1916,17.05.2019,01,05,17,42,45,32
1917,20.05.2019,31,07,35,03,30,18
1918,22.05.2019,33,40,02,35,08,14
1919,24.05.2019,30,26,21,13,33,11
1920,27.05.2019,30,41,38,33,32,20
1921,29.05.2019,45,37,13,09,44,16
1922,31.05.2019,05,21,44,25,28,02
1923,03.06.2019,43,04,13,45,21,32
1924,05.06.2019,13,23,31,16,32,10
1925,07.06.2019,06,20,45,01,28,19
1926,10.06.2019,21,34,39,13,25,17
1927,12.06.2019,09,23,01,28,06,43
1928,14.06.2019,43,08,02,20,06,42
1929,17.06.2019,30,37,25,12,07,06
1930,19.06.2019,37,18,01,11,43,34
1931,21.06.2019,31,11,32,02,14,45
1932,24.06.2019,07,27,40,13,03,26
1933,26.06.2019,40,18,14,19,12,09
1934,28.06.2019,32,16,18,24,04,34
1935,01.07.2019,43,32,44,35,20,04
1936,03.07.2019,12,38,14,24,29,20
1937,05.07.2019,23,14,10,11,45,37
1938,08.07.2019,09,30,10,31,41,26
1939,10.07.2019,13,39,08,36,06,32
1940,12.07.2019,09,10,05,39,41,35
1941,15.07.2019,29,31,20,05,34,03
1942,17.07.2019,11,45,08,43,25,33
1943,19.07.2019,15,39,35,34,11,10
1944,22.07.2019,07,25,04,23,11,08
1945,24.07.2019,25,40,33,35,14,45
1946,26.07.2019,30,01,15,38,43,41
1947,29.07.2019,18,27,44,32,11,22
1948,31.07.2019,05,14,39,21,20,18
1949,02.08.2019,29,15,19,07,24,13
1950,05.08.2019,44,34,27,16,28,37
1951,07.08.2019,37,45,43,21,23,41
1952,09.08.2019,37,19,03,18,43,23
1953,12.08.2019,35,36,40,25,12,28
1954,14.08.2019,07,40,19,21,35,10
1955,16.08.2019,32,40,42,13,33,38
1956,19.08.2019,09,29,31,26,18,20
1957,21.08.2019,26,10,37,34,45,27
1958,23.08.2019,16,06,01,24,42,29
1959,26.08.2019,32,17,14,18,36,22
1960,28.08.2019,13,11,45,03,25,26
1961,30.08.2019,42,12,37,08,35,06
1962,02.09.2019,36,37,31,05,07,06
1963,04.09.2019,42,34,31,45,30,41
1964,06.09.2019,39,22,21,36,26,23
1965,09.09.2019,35,39,37,22,31,10
1966,11.09.2019,23,03,13,32,44,25
1967,13.09.2019,13,19,04,36,16,33
1968,16.09.2019,32,43,20,15,19,21
1969,18.09.2019,25,33,08,31,38,02
1970,20.09.2019,22,41,43,16,26,19
1971,23.09.2019,23,22,35,39,28,25
1972,25.09.2019,22,14,24,20,23,09
1973,27.09.2019,18,04,31,35,11,33
1974,30.09.2019,30,32,43,04,02,27
1975,02.10.2019,43,39,10,18,16,11
1976,04.10.2019,19,43,13,20,10,35
1977,07.10.2019,25,12,41,26,02,23
1978,09.10.2019,02,21,36,26,12,43
1979,11.10.2019,15,02,14,18,37,44
1980,14.10.2019,06,16,19,07,37,01
1981,16.10.2019,18,36,03,39,45,30
1982,18.10.2019,03,42,30,33,22,32
1983,21.10.2019,13,19,37,21,17,38
1984,23.10.2019,06,21,43,07,29,37
1985,25.10.2019,40,36,27,03,23,20
1986,28.10.2019,44,45,27,37,43,30
1987,30.10.2019,05,34,03,29,18,13
1988,01.11.2019,24,42,07,32,04,44
1989,04.11.2019,30,04,13,17,34,39
1990,06.11.2019,45,11,35,01,08,25
1991,08.11.2019,38,13,43,01,42,04
1992,11.11.2019,18,15,33,43,41,28
1993,13.11.2019,37,02,09,19,21,34
1994,15.11.2019,19,07,09,06,22,16
1995,18.11.2019,31,34,27,38,33,08
1996,20.11.2019,27,23,03,43,02,40
1997,22.11.2019,18,07,11,12,37,01
1998,25.11.2019,05,27,12,24,23,41
1999,27.11.2019,34,39,29,24,04,33
2000,29.11.2019,45,10,43,25,14,29
2001,02.12.2019,03,38,45,10,36,29
2002,04.12.2019,37,26,22,29,33,11
2003,06.12.2019,42,38,41,20,29,19
2004,09.12.2019,19,24,17,26,13,10
2005,11.12.2019,17,08,36,24,02,34
2006,13.12.2019,42,11,04,26,18,31
2007,16.12.2019,17,12,43,20,09,08
2008,18.12.2019,28,41,20,27,11,04
2009,20.12.2019,39,11,33,16,27,13
2010,23.12.2019,17,27,38,31,23,19
2011,27.12.2019,33,40,10,25,11,02
2012,30.12.2019,31,18,05,43,42,02
2013,03.01.2020,36,41,34,40,01,32
2014,06.01.2020,12,37,14,18,02,40
2015,08.01.2020,28,35,25,20,23,01
2016,10.01.2020,21,04,25,13,11,19
2017,13.01.2020,35,12,39,15,04,45
2018,15.01.2020,41,45,35,40,38,11
2019,17.01.2020,04,08,21,39,18,15
2020,20.01.2020,03,15,12,08,11,25
2021,22.01.2020,10,31,30,41,01,36
2022,24.01.2020,31,02,05,18,28,03
2023,27.01.2020,24,09,31,11,45,32
2024,29.01.2020,04,09,30,38,03,17
2025,31.01.2020,28,16,26,30,38,43
2026,03.02.2020,35,22,36,11,30,24
2027,05.02.2020,22,01,13,34,43,17
2028,07.02.2020,03,38,26,08,23,30
2029,10.02.2020,03,45,15,01,35,25
2030,12.02.2020,02,20,34,12,42,29
2031,14.02.2020,06,37,12,10,07,42
2032,17.02.2020,09,22,39,04,05,27
2033,19.02.2020,37,40,43,20,03,15
2034,21.02.2020,06,16,13,04,03,15
2035,24.02.2020,19,42,09,10,40,37
2036,26.02.2020,11,12,05,24,30,06
2037,28.02.2020,15,28,31,40,11,35
2038,02.03.2020,08,13,36,22,04,03
2039,04.03.2020,39,27,15,35,32,25
2040,06.03.2020,11,32,34,36,19,40
2041,09.03.2020,26,16,42,34,41,03
2042,11.03.2020,29,19,39,30,36,04
2043,13.03.2020,02,39,23,44,35,25
2044,16.03.2020,05,26,12,09,24,08
2045,18.03.2020,10,44,25,03,04,40
2046,20.03.2020,21,24,37,38,40,28
2047,23.03.2020,41,03,45,01,14,12
2048,25.03.2020,16,19,45,39,01,05
2049,27.03.2020,09,19,04,33,41,28
2050,30.03.2020,13,05,21,18,12,44
2051,07.08.2020,36,38,09,35,42,05
2052,10.08.2020,27,21,38,12,13,34
2053,12.08.2020,02,22,40,20,43,28
2054,14.08.2020,18,40,19,27,12,06
2055,17.08.2020,32,16,17,39,35,15
2056,19.08.2020,42,31,35,37,22,26
2057,21.08.2020,26,35,34,42,41,15
2058,24.08.2020,18,25,15,31,01,32
2059,26.08.2020,35,01,13,10,21,38
2060,28.08.2020,12,14,20,42,26,32
2061,31.08.2020,40,07,23,38,34,24
2062,02.09.2020,03,09,33,06,10,28
2063,04.09.2020,44,14,04,40,25,27
2064,07.09.2020,37,07,34,17,05,27
2065,09.09.2020,35,02,25,37,45,38
2066,11.09.2020,42,18,20,17,13,05
2067,14.09.2020,24,06,14,20,44,13
2068,16.09.2020,18,33,17,08,26,02
2069,18.09.2020,05,02,14,24,39,26
2070,21.09.2020,43,23,44,03,08,05
2071,23.09.2020,31,18,26,16,33,34
2072,25.09.2020,09,45,36,17,24,42
2073,28.09.2020,31,08,13,23,38,03
2074,30.09.2020,32,39,08,14,43,06
2075,02.10.2020,12,02,44,27,21,16
2076,05.10.2020,43,03,33,41,31,30
2077,07.10.2020,20,06,04,32,33,09
2078,09.10.2020,19,33,31,10,26,37
2079,12.10.2020,09,15,37,10,04,14
2080,14.10.2020,37,44,10,18,27,03
2081,16.10.2020,19,20,01,17,31,30
2082,19.10.2020,05,29,37,30,27,33
2083,21.10.2020,29,19,12,24,09,37
2084,23.10.2020,24,01,10,12,44,03
2085,26.10.2020,17,22,36,04,24,10
2086,28.10.2020,09,08,07,45,41,44
2087,30.10.2020,27,03,30,23,21,42
2088,02.11.2020,05,02,15,14,18,35
2089,04.11.2020,21,34,26,40,45,05
2090,06.11.2020,45,44,03,01,43,23
2091,09.11.2020,20,31,16,11,32,17
2092,11.11.2020,12,43,29,10,22,24
2093,13.11.2020,31,43,42,16,45,37
2094,16.11.2020,37,09,05,44,17,43
2095,18.11.2020,15,06,43,37,03,14
2096,20.11.2020,15,11,38,27,21,20
2097,23.11.2020,38,05,08,40,27,26
2098,25.11.2020,14,45,37,18,31,01
2099,27.11.2020,33,28,20,05,04,41
2100,30.11.2020,19,16,28,26,30,39
2101,02.12.2020,15,22,01,07,39,13
2102,04.12.2020,10,44,32,18,14,08
2103,07.12.2020,09,33,06,28,34,08
2104,09.12.2020,14,09,41,10,12,44
2105,11.12.2020,33,22,26,05,31,15
2106,14.12.2020,34,11,06,24,25,39
2107,16.12.2020,37,33,42,01,44,17
2108,18.12.2020,34,30,38,37,25,27
2109,21.12.2020,01,10,15,27,06,39
2110,23.12.2020,33,02,43,22,08,24
2111,28.12.2020,05,08,02,30,04,42
2112,30.12.2020,06,25,15,29,12,33
2113,04.01.2021,39,07,27,44,19,30	
0114,06.01.2021,45,07,28,33,02,27
0115,08.01.2021,25,16,39,12,07,02
0116,11.01.2021,21,42,17,20,37,01
0117,13.01.2021,19,12,18,22,44,09
0118,15.01.2021,38,14,21,17,04,08
0119,18.01.2021,09,04,45,01,31,35
0120,20.01.2021,33,42,40,01,20,25
0121,22.01.2021,41,27,07,26,44,42
0122,25.01.2021,30,18,24,13,23,34
0123,27.01.2021,07,10,29,32,12,35
0124,29.01.2021,27,36,17,42,23,14
0125,01.02.2021,01,25,12,06,37,41
0126,03.02.2021,35,39,38,33,03,30
0127,05.02.2021,18,19,04,13,29,06
0128,08.02.2021,31,36,22,35,42,05
0129,10.02.2021,17,45,16,29,38,04
0130,12.02.2021,20,09,29,27,30,33
0131,15.02.2021,16,44,40,32,43,38
0132,17.02.2021,12,14,43,36,13,03
0133,19.02.2021,29,04,07,21,06,14
0134,22.02.2021,13,42,30,32,35,29
0135,24.02.2021,13,03,40,17,38,04
0136,26.02.2021,29,08,33,02,13,37
0137,01.03.2021,30,04,39,21,24,11
0138,03.03.2021,22,36,42,19,05,25
0139,05.03.2021,04,32,17,05,39,01
0140,08.03.2021,02,12,27,16,43,17
0141,10.03.2021,23,38,29,25,15,40
0142,12.03.2021,41,19,30,23,31,37
0143,15.03.2021,35,02,45,13,34,07
0144,17.03.2021,02,28,36,35,03,43
0145,19.03.2021,08,40,42,30,37,32
0146,22.03.2021,24,23,36,35,12,33
0147,24.03.2021,38,41,10,16,44,39
0148,26.03.2021,34,03,23,35,10,18
0149,29.03.2021,38,01,44,37,05,41
0150,31.03.2021,36,04,12,23,43,26
0151,05.04.2021,14,22,33,45,44,39
0152,07.04.2021,44,15,38,36,07,39
0153,09.04.2021,25,16,30,38,10,42
0154,12.04.2021,34,31,16,05,44,29
0155,14.04.2021,01,41,39,11,24,38
0156,16.04.2021,22,07,30,01,36,34
0157,19.04.2021,17,13,15,37,14,45
0158,21.04.2021,36,09,38,41,28,30
0159,23.04.2021,21,28,44,02,07,26
0160,26.04.2021,10,09,15,39,43,32
0161,28.04.2021,01,02,45,05,42,15
0162,30.04.2021,05,17,16,24,18,38
0163,03.05.2021,20,33,43,18,27,34
0164,05.05.2021,02,31,11,03,32,23
0165,07.05.2021,45,16,20,14,40,23
0166,10.05.2021,13,39,23,41,32,34
0167,12.05.2021,42,37,01,05,38,17
0168,14.05.2021,06,22,32,28,12,27
0169,17.05.2021,27,20,24,32,06,14
0170,19.05.2021,09,45,43,26,40,08
0171,21.05.2021,09,43,14,27,07,02
0172,24.05.2021,03,20,25,35,01,13
0173,26.05.2021,23,43,29,32,36,04
0174,28.05.2021,42,33,11,23,14,27
0175,31.05.2021,39,17,38,23,08,33
0176,02.06.2021,25,03,31,33,02,10
0177,04.06.2021,29,32,02,27,06,43
0178,07.06.2021,32,11,15,37,12,17
0179,09.06.2021,04,13,18,45,25,16
0180,11.06.2021,41,39,18,29,31,26
0181,14.06.2021,35,28,09,14,25,32
0182,16.06.2021,16,44,27,12,39,08
0183,18.06.2021,25,06,39,33,03,12
0184,21.06.2021,20,40,44,38,22,35
0185,23.06.2021,33,17,31,23,24,07
0186,25.06.2021,07,06,31,16,08,28
0187,28.06.2021,25,37,32,01,18,40
0188,30.06.2021,14,25,09,15,06,16
0189,02.07.2021,10,09,33,04,07,30
0190,05.07.2021,14,44,15,06,37,20
0191,07.07.2021,07,26,12,25,05,16
0192,09.07.2021,27,43,32,18,15,12
0193,12.07.2021,36,43,29,12,25,03
0194,14.07.2021,16,02,25,34,26,43
0195,16.07.2021,19,40,45,30,14,05
0196,19.07.2021,44,06,38,09,31,22
0197,21.07.2021,10,32,22,13,33,05
0198,23.07.2021,09,10,02,05,08,31
0199,26.07.2021,34,40,08,24,36,30
0200,28.07.2021,22,32,08,26,34,17
0201,30.07.2021,41,42,37,19,10,44
0202,02.08.2021,26,41,38,44,10,16
0203,04.08.2021,42,34,24,02,38,23
0204,06.08.2021,24,42,09,32,11,33
0205,09.08.2021,15,24,23,41,42,02
0206,11.08.2021,23,15,44,08,21,20
0207,13.08.2021,19,08,43,42,38,28
0208,16.08.2021,37,13,08,10,41,03
0209,18.08.2021,31,28,20,38,32,09
0210,20.08.2021,34,03,09,10,08,32
0211,23.08.2021,05,16,37,36,24,23
0212,25.08.2021,21,29,12,38,44,43
0213,27.08.2021,42,45,22,35,11,14
0214,30.08.2021,41,05,19,20,13,42
0215,01.09.2021,26,14,30,31,38,37
0216,03.09.2021,28,23,34,16,06,01
0217,06.09.2021,16,40,43,11,31,45
0218,08.09.2021,17,10,42,14,02,35
0219,10.09.2021,10,29,18,34,38,44
0220,13.09.2021,04,13,19,42,39,41
0221,15.09.2021,29,30,17,18,43,38
0222,17.09.2021,21,42,30,20,40,01
0223,20.09.2021,30,44,20,18,05,22
0224,22.09.2021,18,31,37,40,19,03
0225,24.09.2021,02,04,24,06,28,41
0226,27.09.2021,45,35,03,08,44,07
0227,29.09.2021,14,11,03,07,10,30
0228,01.10.2021,09,13,29,30,10,19
0229,04.10.2021,34,22,06,38,02,19
0230,06.10.2021,06,41,35,34,07,38
0231,08.10.2021,39,38,05,11,29,41
0232,11.10.2021,43,44,38,39,25,30
0233,13.10.2021,43,41,24,35,25,31
0234,15.10.2021,13,21,37,23,44,25
0235,18.10.2021,24,28,40,29,05,21
0236,20.10.2021,02,18,45,01,15,30
0237,22.10.2021,38,41,37,05,25,30
0238,25.10.2021,20,37,34,40,44,26
0239,27.10.2021,36,26,04,34,25,33
0240,29.10.2021,12,42,26,37,27,10
0241,01.11.2021,35,13,07,15,38,03
0242,03.11.2021,34,13,04,28,38,08
0243,05.11.2021,09,32,10,24,17,33
0244,08.11.2021,40,35,21,42,14,15
0245,10.11.2021,16,41,14,44,05,15
0246,12.11.2021,38,06,41,35,14,29
0247,15.11.2021,44,39,41,28,07,42
0248,17.11.2021,38,28,03,26,15,18
0249,19.11.2021,41,35,23,25,02,38
0250,22.11.2021,34,23,17,09,40,08
0251,24.11.2021,29,38,19,28,13,02
0252,26.11.2021,20,23,15,28,43,12
0253,29.11.2021,01,23,38,08,17,30
0254,01.12.2021,25,01,27,26,30,45
0255,03.12.2021,35,12,25,36,34,33
0256,06.12.2021,31,30,18,05,38,32
0257,08.12.2021,08,43,02,37,39,44
0258,10.12.2021,33,27,18,42,03,23
0259,13.12.2021,36,10,12,07,40,04
0260,15.12.2021,03,24,08,21,14,20
0261,17.12.2021,45,05,29,36,43,20
0262,20.12.2021,37,18,13,30,20,26
0263,22.12.2021,07,36,17,06,40,23
0264,24.12.2021,26,31,36,21,06,33
0265,27.12.2021,43,21,34,08,37,19
0266,29.12.2021,18,29,03,25,15,39
0267,31.12.2021,19,03,15,39,18,16
0268,03.01.2022,24,08,25,32,12,30
0269,05.01.2022,27,30,21,19,20,10
0270,07.01.2022,44,12,10,26,07,41
0271,10.01.2022,30,24,32,33,40,08
0272,12.01.2022,16,40,12,45,26,44
0273,14.01.2022,24,31,20,17,13,18
0274,17.01.2022,07,22,37,29,34,14
0275,19.01.2022,12,02,40,08,26,39
0276,21.01.2022,17,43,34,30,06,10
0277,24.01.2022,27,08,09,26,44,18
0278,26.01.2022,07,14,19,34,11,35
0279,28.01.2022,04,40,13,31,26,24
0280,31.01.2022,38,23,33,07,13,27
0281,02.02.2022,05,42,03,20,32,25
0282,04.02.2022,14,05,42,45,34,15
0283,07.02.2022,38,04,10,08,45,07
0284,09.02.2022,32,25,30,43,17,08
0285,11.02.2022,43,19,23,30,41,17
0286,14.02.2022,27,15,18,22,29,06
0287,16.02.2022,06,13,10,15,20,34
0288,18.02.2022,31,30,06,04,29,16
0289,21.02.2022,21,27,15,41,31,35
0290,23.02.2022,44,03,34,30,35,22
0291,25.02.2022,06,22,23,41,36,21
0292,28.02.2022,03,12,27,37,18,44
0293,02.03.2022,02,30,45,42,27,17
0294,04.03.2022,37,27,20,02,45,08
0295,07.03.2022,03,20,44,29,07,30
0296,09.03.2022,33,17,09,24,22,11
0297,11.03.2022,22,34,16,05,11,03
0298,14.03.2022,41,15,07,33,42,10
0299,16.03.2022,43,06,38,08,22,12
0300,18.03.2022,17,07,34,26,22,18
0301,21.03.2022,41,38,01,12,19,33
0302,23.03.2022,32,08,41,23,10,44
0303,25.03.2022,04,44,11,45,43,26
0304,28.03.2022,07,25,08,03,12,05
0305,30.03.2022,07,34,01,08,21,37
0306,01.04.2022,10,11,42,02,01,37
0307,04.04.2022,07,39,28,43,35,29
0308,06.04.2022,16,38,05,32,31,25
0309,08.04.2022,35,28,05,44,14,27
0310,11.04.2022,08,39,05,16,31,32
0311,13.04.2022,34,03,06,15,44,08
0312,18.04.2022,17,25,07,05,10,08
0313,20.04.2022,42,05,10,30,27,19
0314,22.04.2022,39,37,43,22,31,40
0315,25.04.2022,36,17,29,28,12,05
0316,27.04.2022,21,38,42,20,03,40
0317,29.04.2022,19,44,09,41,07,42
0318,02.05.2022,09,02,20,26,37,13
0319,04.05.2022,42,22,12,25,33,23
0320,06.05.2022,42,40,07,20,30,13
0321,09.05.2022,21,03,19,01,39,36
0322,11.05.2022,36,06,27,45,35,09
0323,13.05.2022,22,31,02,20,25,21
0324,16.05.2022,13,20,01,08,10,22
0325,18.05.2022,26,42,10,45,01,40
0326,20.05.2022,14,32,23,10,01,12
0327,23.05.2022,03,36,26,09,05,13
0328,25.05.2022,27,04,10,37,39,34
0329,27.05.2022,39,42,07,14,45,08
0330,30.05.2022,12,21,24,30,40,44
0331,01.06.2022,25,34,41,26,28,02
0332,03.06.2022,04,39,32,31,20,15
0333,06.06.2022,31,16,34,25,22,12
0334,08.06.2022,35,19,17,24,43,04
0335,10.06.2022,27,29,39,05,09,43
0336,13.06.2022,22,18,14,41,32,02
0337,15.06.2022,43,29,18,12,33,13
0338,17.06.2022,10,12,02,27,03,18
0339,20.06.2022,17,32,23,14,25,18
0340,22.06.2022,07,12,10,34,23,43
0341,24.06.2022,28,10,16,03,25,13
0342,27.06.2022,10,44,22,31,33,19
0343,29.06.2022,39,10,07,42,36,22
0344,01.07.2022,44,22,20,28,02,01
0345,04.07.2022,04,33,07,40,21,06
0346,06.07.2022,29,13,37,35,07,38
0347,08.07.2022,39,11,41,28,13,40
0348,11.07.2022,28,08,27,16,20,43
0349,13.07.2022,32,30,12,17,23,19
0350,15.07.2022,35,02,26,04,37,33
0351,18.07.2022,06,17,40,45,39,13
0352,20.07.2022,02,24,23,45,38,11
0353,22.07.2022,15,41,11,30,20,16
0354,25.07.2022,07,11,12,32,09,40
0355,27.07.2022,18,30,09,10,32,07
0356,29.07.2022,41,44,30,08,07,14
0357,01.08.2022,17,13,41,15,26,31
0358,03.08.2022,10,03,45,33,19,37
0359,05.08.2022,18,31,28,13,23,30
0360,08.08.2022,07,42,39,32,01,29
0361,10.08.2022,41,20,19,15,18,27
0362,12.08.2022,03,01,19,09,23,28
0363,15.08.2022,41,19,15,36,34,37
0364,17.08.2022,15,11,01,44,22,04
0365,19.08.2022,19,43,37,36,27,15
0366,22.08.2022,20,33,30,10,08,34
0367,24.08.2022,40,18,37,45,30,36
0368,26.08.2022,02,10,34,28,25,12
0369,29.08.2022,17,26,21,19,24,38
0370,31.08.2022,04,02,27,16,35,40
0371,02.09.2022,21,09,38,44,27,42
0372,05.09.2022,39,16,36,12,04,10
0373,07.09.2022,24,10,11,05,31,04
0374,09.09.2022,39,32,12,10,20,29
0375,12.09.2022,19,03,26,16,14,37
0376,14.09.2022,41,30,28,10,11,40
0377,16.09.2022,22,12,17,41,42,30
0378,19.09.2022,17,41,25,22,18,20
0379,21.09.2022,31,39,01,42,20,26
0380,23.09.2022,34,24,07,44,21,38
0381,26.09.2022,30,38,43,16,22,25
0382,28.09.2022,09,25,34,16,31,22
0383,30.09.2022,32,33,31,16,03,18
0384,03.10.2022,45,04,38,44,21,36
0385,05.10.2022,23,40,43,09,03,21
0386,07.10.2022,35,34,21,30,39,04
0387,10.10.2022,25,06,19,35,03,20
0388,12.10.2022,31,39,06,04,18,10
0389,14.10.2022,30,10,01,15,17,08
0390,17.10.2022,30,35,24,11,03,19
0391,19.10.2022,31,13,25,35,11,37
0392,21.10.2022,11,35,34,40,41,22
0393,24.10.2022,44,13,27,04,18,14
0394,26.10.2022,25,02,35,07,31,41
0395,28.10.2022,24,07,39,13,11,08
0396,31.10.2022,27,13,02,30,42,43
0397,02.11.2022,42,17,03,11,06,07
0398,04.11.2022,16,13,02,19,11,07
0399,07.11.2022,38,19,03,31,41,10
0400,09.11.2022,02,34,12,06,26,01
0401,11.11.2022,08,21,26,02,41,01
0402,14.11.2022,09,37,40,44,41,05
0403,16.11.2022,09,41,38,19,22,13
0404,18.11.2022,33,26,01,29,03,23
0405,21.11.2022,39,04,42,08,30,22
0406,23.11.2022,41,19,10,32,17,03
0407,25.11.2022,22,14,12,33,04,08
0408,28.11.2022,25,19,21,06,42,38
0409,30.11.2022,39,26,40,04,11,42
0410,02.12.2022,33,43,14,40,31,07
0411,05.12.2022,25,30,35,38,17,45
0412,07.12.2022,26,23,11,07,31,43
0413,09.12.2022,35,25,01,19,17,14
0414,12.12.2022,40,15,09,11,30,21
0415,14.12.2022,07,11,02,17,30,38
0416,16.12.2022,30,06,09,21,15,36
0417,19.12.2022,09,04,11,19,14,08
0418,21.12.2022,13,43,04,31,25,35
0419,23.12.2022,11,21,01,12,17,03
0420,26.12.2022,11,39,08,36,06,42
0421,28.12.2022,34,08,11,18,10,38
0422,30.12.2022,27,28,40,14,03,34
0423,02.01.2023,04,26,38,15,34,17
0424,04.01.2023,37,07,38,24,31,45
0425,06.01.2023,41,33,04,44,12,06
0426,09.01.2023,33,25,09,45,28,05
0427,11.01.2023,45,15,31,29,20,30
0428,13.01.2023,09,18,33,39,35,14
0429,16.01.2023,31,32,16,09,13,15
0430,18.01.2023,37,03,05,07,10,38
0431,20.01.2023,45,28,39,05,34,21
0432,23.01.2023,32,07,33,18,39,15
0433,25.01.2023,34,07,32,20,08,29
0434,27.01.2023,21,29,42,14,37,34
0435,30.01.2023,35,41,18,16,03,20
0436,01.02.2023,37,29,42,21,27,05
0437,03.02.2023,07,28,05,40,43,11
0438,06.02.2023,12,15,21,38,25,14
0439,08.02.2023,09,20,34,18,16,45
0440,10.02.2023,43,38,29,09,20,06
0441,13.02.2023,19,42,21,25,32,06
0442,15.02.2023,40,05,30,08,43,14
0443,17.02.2023,04,43,27,39,44,33
0444,20.02.2023,17,23,31,10,21,14
0445,22.02.2023,31,43,22,27,01,37
0446,24.02.2023,45,08,10,36,22,38
0447,27.02.2023,25,04,11,35,15,09
0448,01.03.2023,42,44,04,07,01,13
0449,03.03.2023,30,39,38,25,27,19
0450,06.03.2023,26,43,11,18,05,45
0451,08.03.2023,23,15,25,40,34,24
0452,10.03.2023,32,31,07,25,36,28
0453,13.03.2023,45,40,34,05,18,09
0454,15.03.2023,13,05,39,18,23,11
0455,17.03.2023,07,04,43,34,01,27
0456,20.03.2023,11,37,30,17,42,39
0457,22.03.2023,08,02,41,03,23,01
0458,24.03.2023,32,44,02,37,23,20
0459,27.03.2023,11,07,09,40,43,13
0460,29.03.2023,32,23,31,34,40,29
0461,31.03.2023,43,37,19,09,20,40
0462,03.04.2023,45,37,28,40,08,42
0463,05.04.2023,42,40,09,26,07,13
0464,10.04.2023,34,41,43,30,15,28
0465,12.04.2023,21,39,13,08,25,26
0466,14.04.2023,36,22,30,28,05,13
0467,17.04.2023,42,17,05,41,10,15
0468,19.04.2023,42,44,02,43,37,33
0469,21.04.2023,30,27,33,06,25,41
0470,24.04.2023,11,45,16,13,42,02
0471,26.04.2023,21,07,34,01,29,25
0472,28.04.2023,27,15,04,42,38,45
0473,01.05.2023,05,27,20,37,39,24
0474,03.05.2023,27,40,17,04,15,33
0475,05.05.2023,16,32,39,42,10,15
0476,08.05.2023,04,44,25,40,26,42
0477,10.05.2023,07,05,02,25,41,15
0478,12.05.2023,14,05,44,25,01,36
0479,15.05.2023,14,08,38,05,25,35
0480,17.05.2023,10,23,34,35,13,37
0481,19.05.2023,29,10,06,04,36,42
0482,22.05.2023,31,33,22,43,40,19
0483,24.05.2023,06,15,37,45,28,23
0484,26.05.2023,41,10,30,32,05,15
0485,29.05.2023,13,41,28,22,40,37
0486,31.05.2023,03,17,35,20,23,16
0487,02.06.2023,25,15,05,11,09,03
0488,05.06.2023,22,08,20,02,01,45
0489,07.06.2023,27,10,18,08,40,36
0490,09.06.2023,35,14,29,07,08,32
0491,12.06.2023,01,23,43,39,31,03
0492,14.06.2023,40,17,22,10,28,21
0493,16.06.2023,05,20,15,16,26,33
0494,19.06.2023,42,11,27,10,14,21
0495,21.06.2023,11,22,09,13,31,03
0496,23.06.2023,42,25,41,24,31,19
0497,26.06.2023,26,40,06,12,44,14
0498,28.06.2023,13,08,03,31,30,43
0499,30.06.2023,14,32,15,40,08,29
0500,03.07.2023,03,33,19,35,18,29
0501,05.07.2023,24,08,29,18,44,39
0502,07.07.2023,33,44,07,31,35,04
0503,10.07.2023,13,26,38,45,42,41
0504,12.07.2023,38,02,19,13,21,36
0505,14.07.2023,43,12,08,41,15,16
0506,17.07.2023,31,13,10,37,34,18
0507,19.07.2023,07,43,06,23,10,11
0508,21.07.2023,07,42,26,40,41,13
0509,24.07.2023,18,21,20,16,38,27
0510,26.07.2023,12,01,07,41,02,38
