0001,04.01.2007,03,19,22,41,48,49
0002,07.01.2007,13,22,25,28,33,38
0003,11.01.2007,09,21,30,38,39,41
0004,14.01.2007,01,28,31,32,34,36
0005,18.01.2007,02,05,13,16,38,41
0006,21.01.2007,04,11,14,27,31,34
0007,25.01.2007,02,03,21,22,30,49
0008,28.01.2007,03,15,24,37,41,47
0009,01.02.2007,01,19,22,27,35,46
0010,04.02.2007,07,15,16,23,24,41
0011,08.02.2007,02,15,31,33,39,46
0012,11.02.2007,09,14,17,26,41,49
0013,15.02.2007,05,06,13,18,19,49
0014,18.02.2007,14,16,17,20,21,27
0015,22.02.2007,06,13,14,33,45,48
0016,25.02.2007,06,16,17,26,30,33
0017,01.03.2007,08,20,24,25,26,37
0018,04.03.2007,xx,xx,x,xx,24,30
0019,08.03.2007,11,19,32,34,37,45
0020,11.03.2007,04,09,11,17,31,34
0021,15.03.2007,04,20,21,25,27,31
0022,18.03.2007,10,21,25,28,30,47
0023,22.03.2007,04,13,17,30,36,39
0024,25.03.2007,07,09,13,14,42,47
0025,29.03.2007,06,16,22,38,39,42
0026,01.04.2007,05,09,19,23,26,29
0027,12.04.2007,11,16,21,28,35,49
0028,15.04.2007,07,10,35,36,41,45
0029,19.04.2007,08,13,15,32,41,47
0030,22.04.2007,xx,xx,x,xx,24,28
0031,26.04.2007,xx,xx,x,xx,29,32
0032,29.04.2007,xx,xx,x,xx,30,40
0033,03.05.2007,07,16,23,25,44,47
0034,06.05.2007,03,13,16,22,44,46
0035,10.05.2007,13,14,16,17,18,36
0036,13.05.2007,05,18,19,24,37,42
0037,17.05.2007,17,18,20,22,33,40
0038,20.05.2007,xx,xx,x,xx,17,32
0039,24.05.2007,16,19,30,32,41,42
0040,27.05.2007,07,24,31,33,35,40
0041,31.05.2007,06,12,17,26,35,40
0042,03.06.2007,04,07,25,29,31,34
0043,07.06.2007,02,08,16,41,45,47
0044,10.06.2007,08,11,37,42,43,49
0045,14.06.2007,08,18,29,34,37,42
0046,17.06.2007,06,18,20,42,44,47
0047,21.06.2007,08,25,26,28,30,36
0048,24.06.2007,03,05,19,27,29,43
0049,28.06.2007,xx,xx,x,xx,17,44
0050,01.07.2007,14,19,25,31,32,38
0051,05.07.2007,03,21,23,25,38,44
0052,08.07.2007,05,06,18,25,42,45
0053,12.07.2007,18,21,22,24,30,45
0054,15.07.2007,06,08,31,38,39,48
0055,19.07.2007,03,09,14,26,35,45
0056,22.07.2007,03,20,27,32,37,46
0057,26.07.2007,21,27,31,34,46,49
0058,29.07.2007,23,28,30,33,42,48
0059,02.08.2007,07,10,23,33,37,40
0060,05.08.2007,06,11,13,30,35,37
0061,09.08.2007,10,12,13,16,25,46
0062,12.08.2007,05,06,16,33,38,40
0063,16.08.2007,08,11,15,31,34,44
0064,19.08.2007,01,03,04,08,10,27
0065,23.08.2007,02,05,23,34,40,49
0066,26.08.2007,08,11,15,34,46,48
0067,30.08.2007,12,17,25,30,35,49
0068,02.09.2007,18,22,36,37,43,46
0069,06.09.2007,14,20,32,36,38,46
0070,09.09.2007,04,09,10,26,30,41
0071,13.09.2007,01,04,11,24,32,37
0072,16.09.2007,02,20,31,32,33,46
0073,20.09.2007,05,08,14,23,27,31
0074,23.09.2007,10,13,19,43,46,48
0075,27.09.2007,07,09,10,19,22,36
0076,30.09.2007,17,22,25,32,39,44
0077,04.10.2007,01,05,11,12,33,48
0078,07.10.2007,09,22,25,32,35,47
0079,11.10.2007,11,15,18,19,21,44
0080,14.10.2007,01,11,27,28,36,47
0081,18.10.2007,13,15,18,29,30,45
0082,21.10.2007,03,18,33,34,35,36
0083,25.10.2007,17,19,22,23,46,48
0084,28.10.2007,04,18,28,38,40,43
0085,01.11.2007,17,20,26,28,41,42
0086,04.11.2007,07,17,33,41,43,44
0087,08.11.2007,09,21,22,34,43,49
0088,11.11.2007,04,11,13,27,47,49
0089,15.11.2007,09,19,22,25,38,44
0090,18.11.2007,12,13,27,31,34,37
0091,22.11.2007,05,14,19,24,30,32
0092,25.11.2007,06,12,15,23,35,44
0093,29.11.2007,02,04,22,34,44,49
0094,02.12.2007,04,05,10,14,17,29
0095,06.12.2007,11,15,26,27,47,49
0096,09.12.2007,11,19,30,31,43,45
0097,13.12.2007,02,05,18,33,43,48
0098,16.12.2007,02,25,29,31,42,48
0099,20.12.2007,05,15,18,22,38,46
0100,23.12.2007,12,17,29,36,46,48
0101,27.12.2007,15,16,19,21,33,36
0102,30.12.2007,12,25,28,29,45,47
0103,03.01.2008,12,23,27,33,36,44
0104,06.01.2008,03,04,30,38,44,49
0105,10.01.2008,07,28,30,31,36,40
0106,13.01.2008,10,17,26,37,38,40
0107,17.01.2008,02,08,12,31,41,49
0108,20.01.2008,04,08,11,13,22,26
0109,24.01.2008,04,08,19,25,32,41
0110,27.01.2008,07,08,27,38,43,46
0111,31.01.2008,01,10,21,38,43,48
0112,03.02.2008,03,09,19,23,37,44
0113,07.02.2008,xx,xx,x,xx,39,46
0114,10.02.2008,05,10,16,26,28,47
0115,14.02.2008,02,10,22,30,38,39
0116,17.02.2008,07,09,16,23,26,27
0117,21.02.2008,01,19,32,35,42,48
0118,24.02.2008,10,11,23,30,40,44
0119,28.02.2008,06,14,18,35,42,46
0120,02.03.2008,06,12,15,21,39,46
0121,06.03.2008,05,06,16,36,45,49
0122,09.03.2008,07,16,19,32,38,39
0123,13.03.2008,xx,xx,x,xx,29,40
0124,16.03.2008,05,06,15,17,21,38
0125,27.03.2008,07,21,24,27,42,43
0126,30.03.2008,01,15,29,32,46,47
0127,03.04.2008,05,14,19,21,24,34
0128,06.04.2008,11,12,15,19,28,30
0129,10.04.2008,xx,xx,x,xx,34,48
0130,13.04.2008,02,11,25,26,39,49
0131,17.04.2008,14,18,20,24,39,41
0132,20.04.2008,xx,xx,x,xx,17,25
0133,24.04.2008,10,13,20,40,42,43
0134,27.04.2008,11,16,18,22,44,49
0135,01.05.2008,06,11,23,33,38,49
0136,04.05.2008,02,21,32,43,44,47
0137,08.05.2008,02,18,24,43,47,49
0138,11.05.2008,04,25,28,29,33,43
0139,15.05.2008,06,14,18,25,32,46
0140,18.05.2008,14,22,26,32,38,43
0141,22.05.2008,20,22,33,39,42,45
0142,25.05.2008,09,13,34,37,39,43
0143,29.05.2008,15,20,21,31,35,44
0144,01.06.2008,10,16,23,28,40,48
0145,05.06.2008,05,16,30,34,35,46
0146,08.06.2008,01,08,12,14,24,38
0147,12.06.2008,03,06,22,31,44,47
0148,15.06.2008,10,18,19,25,36,42
0149,19.06.2008,38,47,35,14,28,33
0150,22.06.2008,25,15,08,38,27,22
0151,26.06.2008,24,20,33,45,23,03
0152,29.06.2008,44,12,48,11,36,28
0153,03.07.2008,07,42,30,11,24,49
0154,06.07.2008,23,10,39,20,37,13
0155,10.07.2008,40,38,30,47,09,21
0156,13.07.2008,30,18,20,29,10,19
0157,17.07.2008,07,03,47,14,18,40
0158,20.07.2008,13,08,05,17,33,30
0159,24.07.2008,22,43,16,15,49,17
0160,27.07.2008,08,19,45,15,01,18
0161,31.07.2008,17,10,46,49,29,05
0162,03.08.2008,23,44,32,16,25,24
0163,07.08.2008,15,31,37,08,32,18
0164,10.08.2008,08,21,23,44,14,42
0165,14.08.2008,18,34,27,17,03,06
0166,17.08.2008,12,39,16,43,26,01
0167,21.08.2008,20,09,15,37,41,47
0168,24.08.2008,35,41,20,44,47,06
0169,28.08.2008,25,03,43,05,45,19
0170,31.08.2008,24,01,09,37,15,34
0171,04.09.2008,27,16,26,45,21,13
0172,07.09.2008,46,17,44,21,32,47
0173,11.09.2008,03,20,13,18,05,14
0174,14.09.2008,05,02,26,34,37,30
0175,18.09.2008,06,31,27,49,35,18
0176,21.09.2008,19,08,43,24,26,31
0177,25.09.2008,18,05,49,17,37,22
0178,28.09.2008,19,36,22,06,07,45
0179,02.10.2008,27,41,20,10,21,14
0180,05.10.2008,23,04,07,39,03,16
0181,09.10.2008,39,27,31,25,29,06
0182,12.10.2008,42,12,46,26,49,19
0183,16.10.2008,29,49,33,18,24,48
0184,19.10.2008,27,31,26,44,49,09
0185,23.10.2008,38,08,30,06,13,33
0186,26.10.2008,36,08,04,12,45,49
0187,30.10.2008,13,12,02,19,31,40
0188,02.11.2008,43,03,38,31,40,05
0189,06.11.2008,49,38,48,01,23,47
0190,09.11.2008,33,38,44,16,23,27
0191,13.11.2008,22,23,34,20,41,10
0192,16.11.2008,02,07,42,23,28,05
0193,20.11.2008,47,19,26,41,37,29
0194,23.11.2008,44,20,11,43,03,28
0195,27.11.2008,25,34,46,08,29,47
0196,30.11.2008,39,40,09,44,13,38
0197,04.12.2008,03,40,32,01,12,24
0198,07.12.2008,48,20,34,41,08,43
0199,11.12.2008,16,15,49,38,20,21
0200,14.12.2008,13,24,27,08,42,31
0201,18.12.2008,01,07,40,24,46,41
0202,21.12.2008,25,40,21,46,05,17
0203,28.12.2008,13,01,22,12,28,31
0204,04.01.2009,18,49,28,47,46,20
0205,08.01.2009,39,14,08,36,07,10
0206,11.01.2009,40,09,30,17,12,36
0207,15.01.2009,46,35,34,19,06,12
0208,18.01.2009,28,36,32,38,46,47
0209,20.01.2009,27,05,32,04,08,41
0210,22.01.2009,05,08,06,14,46,23
0211,25.01.2009,28,23,14,35,13,42
0212,27.01.2009,21,40,36,46,15,14
0213,29.01.2009,21,12,39,40,37,07
0214,01.02.2009,29,46,40,06,07,15
0215,03.02.2009,33,49,10,43,30,02
0216,05.02.2009,38,13,34,07,36,22
0217,08.02.2009,07,06,10,04,42,13
0218,10.02.2009,32,23,25,29,28,02
0219,12.02.2009,01,24,16,11,14,42
0220,15.02.2009,30,43,38,42,46,49
0221,17.02.2009,16,10,12,39,47,07
0222,19.02.2009,35,01,42,36,41,22
0223,22.02.2009,06,34,20,26,12,33
0224,24.02.2009,02,13,04,22,12,36
0225,26.02.2009,18,27,01,11,16,03
0226,01.03.2009,23,04,21,22,03,07
0227,03.03.2009,41,09,43,49,03,35
0228,05.03.2009,10,44,19,17,42,11
0229,08.03.2009,42,41,10,25,34,22
0230,10.03.2009,42,24,28,25,33,10
0231,12.03.2009,26,13,11,38,27,06
0232,15.03.2009,16,15,37,19,02,24
0233,17.03.2009,25,03,20,22,23,38
0234,19.03.2009,32,18,15,28,02,03
0235,22.03.2009,46,41,24,04,08,21
0236,24.03.2009,29,41,04,36,28,19
0237,26.03.2009,35,17,48,02,43,05
0238,29.03.2009,24,19,47,15,03,40
0239,31.03.2009,27,45,08,06,11,21
0240,02.04.2009,35,14,45,28,47,20
0241,05.04.2009,19,30,17,18,04,31
0242,07.04.2009,42,12,34,09,28,06
0243,14.04.2009,28,08,07,15,24,19
0244,16.04.2009,23,19,38,25,15,32
0245,19.04.2009,49,17,07,33,32,41
0246,21.04.2009,41,23,43,11,15,38
0247,23.04.2009,39,08,05,44,10,27
0248,26.04.2009,34,10,31,19,25,48
0249,28.04.2009,14,16,09,26,30,37
0250,30.04.2009,01,44,28,12,18,43
0251,03.05.2009,06,11,48,39,25,04
0252,05.05.2009,03,41,20,44,11,06
0253,07.05.2009,45,15,07,20,43,42
0254,10.05.2009,43,45,16,18,05,08
0255,12.05.2009,42,38,49,37,05,28
0256,14.05.2009,39,26,36,43,48,46
0257,17.05.2009,18,04,43,48,07,15
0258,19.05.2009,30,24,47,34,20,45
0259,21.05.2009,17,34,09,20,49,02
0260,24.05.2009,41,13,40,48,12,25
0261,26.05.2009,42,07,21,30,28,35
0262,28.05.2009,28,03,47,49,05,19
0263,31.05.2009,16,27,48,49,30,31
0264,02.06.2009,45,09,22,11,38,28
0265,04.06.2009,45,03,49,31,32,22
0266,07.06.2009,11,28,02,04,06,36
0267,09.06.2009,14,12,37,30,13,21
0268,11.06.2009,02,12,39,11,21,31
0269,14.06.2009,45,34,12,25,23,44
0270,16.06.2009,40,47,10,34,28,06
0271,18.06.2009,40,07,21,30,39,11
0272,21.06.2009,30,24,04,31,06,20
0273,23.06.2009,38,29,46,08,44,27
0274,25.06.2009,23,33,11,29,27,35
0275,28.06.2009,37,01,44,14,18,33
0276,30.06.2009,05,03,22,30,33,32
0277,02.07.2009,07,44,40,28,19,02
0278,05.07.2009,06,47,37,41,43,22
0279,07.07.2009,43,07,49,22,16,44
0280,09.07.2009,15,29,22,47,39,46
0281,12.07.2009,14,34,19,20,47,27
0282,14.07.2009,29,25,20,22,24,42
0283,16.07.2009,30,12,01,27,47,49
0284,19.07.2009,36,22,46,38,09,13
0285,21.07.2009,22,10,26,29,18,24
0286,23.07.2009,17,49,46,04,25,47
0287,26.07.2009,14,34,05,44,26,40
0288,28.07.2009,24,05,20,42,38,44
0289,30.07.2009,25,49,15,42,38,40
0290,02.08.2009,26,43,27,21,01,19
0291,04.08.2009,25,13,47,16,01,34
0292,06.08.2009,37,38,06,44,43,16
0293,09.08.2009,40,11,12,02,04,21
0294,11.08.2009,38,47,48,35,09,39
0295,13.08.2009,38,40,30,14,08,32
0296,16.08.2009,27,30,24,23,39,26
0297,18.08.2009,02,16,35,27,47,17
0298,20.08.2009,03,46,24,15,26,16
0299,23.08.2009,20,36,19,01,33,08
0300,25.08.2009,30,07,26,17,25,40
0301,27.08.2009,11,40,49,13,47,15
0302,30.08.2009,19,45,43,10,44,09
0303,01.09.2009,48,16,31,26,29,03
0304,03.09.2009,03,47,24,45,01,13
0305,06.09.2009,33,34,21,35,45,44
0306,08.09.2009,25,44,23,32,45,31
0307,10.09.2009,36,47,44,28,35,43
0308,13.09.2009,20,48,01,33,02,21
0309,15.09.2009,08,29,17,22,16,27
0310,17.09.2009,13,12,21,19,36,14
0311,20.09.2009,37,14,24,43,10,46
0312,22.09.2009,11,45,06,35,32,47
0313,24.09.2009,03,27,28,08,05,01
0314,27.09.2009,42,40,04,30,46,35
0315,29.09.2009,26,25,09,36,10,23
0316,01.10.2009,07,41,36,19,29,11
0317,04.10.2009,08,14,03,12,48,13
0318,06.10.2009,37,03,05,31,23,35
0319,08.10.2009,12,18,39,38,40,16
0320,11.10.2009,26,17,38,09,02,04
0321,13.10.2009,25,46,38,22,20,18
0322,15.10.2009,08,36,11,42,31,27
0323,18.10.2009,27,23,06,45,15,39
0324,20.10.2009,17,25,45,03,02,32
0325,22.10.2009,14,23,18,32,34,43
0326,25.10.2009,33,31,26,18,34,38
0327,27.10.2009,22,20,17,38,05,10
0328,29.10.2009,17,36,34,30,14,39
0329,01.11.2009,25,09,15,04,20,37
0330,03.11.2009,40,33,02,48,13,31
0331,05.11.2009,03,16,05,36,46,30
0332,08.11.2009,49,08,13,03,43,27
0333,10.11.2009,31,26,10,20,41,09
0334,12.11.2009,27,49,40,14,11,41
0335,15.11.2009,43,42,13,23,10,14
0336,17.11.2009,16,39,04,03,28,26
0337,19.11.2009,31,12,08,07,17,48
0338,22.11.2009,43,23,42,17,45,10
0339,24.11.2009,04,41,29,35,30,38
0340,26.11.2009,47,46,33,24,07,27
0341,29.11.2009,21,04,32,09,02,48
0342,01.12.2009,43,29,20,01,13,24
0343,03.12.2009,36,48,25,13,39,07
0344,06.12.2009,07,08,25,31,22,47
0345,08.12.2009,40,31,08,27,21,45
0346,10.12.2009,34,30,27,18,44,11
0347,13.12.2009,44,09,17,15,04,31
0348,15.12.2009,16,05,34,17,28,11
0349,17.12.2009,02,24,48,13,10,25
0350,20.12.2009,47,29,06,15,28,10
0351,22.12.2009,15,21,37,47,16,22
0352,24.12.2009,43,30,39,03,19,10
0353,27.12.2009,48,09,17,30,08,16
0354,29.12.2009,15,27,17,37,18,11
0355,31.12.2009,44,34,28,29,23,39
0356,03.01.2010,16,11,10,07,19,37
0357,05.01.2010,02,43,47,36,41,14
0358,07.01.2010,03,08,31,35,27,44
0359,10.01.2010,47,09,10,17,46,07
0360,12.01.2010,38,19,16,42,49,10
0361,14.01.2010,25,45,17,41,05,01
0362,17.01.2010,16,15,36,20,02,21
0363,19.01.2010,28,43,25,13,38,27
0364,21.01.2010,15,36,45,25,06,27
0365,24.01.2010,41,12,48,31,35,21
0366,26.01.2010,29,28,05,43,37,08
0367,28.01.2010,09,40,47,39,30,01
0368,31.01.2010,11,17,18,06,13,47
0369,02.02.2010,45,43,25,35,21,49
0370,04.02.2010,29,28,26,17,37,16
0371,07.02.2010,03,27,38,35,14,25
0372,09.02.2010,07,37,13,33,04,48
0373,11.02.2010,05,16,48,29,38,10
0374,14.02.2010,06,26,17,12,14,45
0375,16.02.2010,36,19,27,38,26,20
0376,18.02.2010,12,14,26,11,20,04
0377,21.02.2010,37,42,43,39,09,14
0378,23.02.2010,16,25,24,44,08,28
0379,25.02.2010,37,08,16,15,43,25
0380,28.02.2010,11,33,20,19,23,35
0381,02.03.2010,02,18,41,45,47,49
0382,04.03.2010,01,06,22,25,44,26
0383,07.03.2010,37,33,35,13,02,32
0384,09.03.2010,26,28,18,11,07,05
0385,11.03.2010,40,42,10,03,29,09
0386,14.03.2010,06,05,12,23,43,04
0387,16.03.2010,44,47,15,20,06,05
0388,18.03.2010,46,19,30,34,22,06
0389,21.03.2010,14,39,04,33,42,10
0390,23.03.2010,19,44,28,05,02,26
0391,25.03.2010,16,42,06,31,24,43
0392,28.03.2010,24,36,26,27,14,31
0393,30.03.2010,34,38,43,28,29,39
0394,06.04.2010,38,01,42,14,21,43
0395,08.04.2010,47,21,42,09,13,12
0396,11.04.2010,15,11,12,32,27,45
0397,13.04.2010,28,46,03,08,26,14
0398,15.04.2010,34,25,45,46,18,21
0399,18.04.2010,29,01,39,42,44,11
0400,20.04.2010,14,32,27,07,01,47
0401,22.04.2010,48,15,27,13,22,02
0402,25.04.2010,33,17,07,27,47,30
0403,27.04.2010,04,13,19,29,20,22
0404,29.04.2010,47,08,04,48,30,49
0405,02.05.2010,26,04,03,38,45,33
0406,04.05.2010,14,02,05,10,09,42
0407,06.05.2010,47,10,46,29,31,44
0408,09.05.2010,18,39,30,38,07,25
0409,11.05.2010,41,42,01,29,15,23
0410,13.05.2010,36,11,45,13,12,15
0411,16.05.2010,37,33,21,23,39,15
0412,18.05.2010,41,24,44,47,22,35
0413,20.05.2010,27,26,49,12,15,33
0414,23.05.2010,45,24,33,03,14,28
0415,25.05.2010,23,43,05,21,07,04
0416,27.05.2010,29,20,48,36,10,46
0417,30.05.2010,18,36,01,19,46,04
0418,01.06.2010,02,16,19,42,29,13
0419,03.06.2010,03,40,41,01,21,27
0420,06.06.2010,29,08,31,13,05,47
0421,08.06.2010,05,27,47,31,23,36
0422,10.06.2010,37,45,10,32,03,43
0423,13.06.2010,26,16,15,05,28,27
0424,15.06.2010,14,36,17,29,32,19
0425,17.06.2010,41,28,29,16,31,12
0426,20.06.2010,02,37,42,12,21,44
0427,22.06.2010,05,15,29,06,22,46
0428,24.06.2010,26,02,17,19,32,41
0429,27.06.2010,32,08,10,24,20,11
0430,29.06.2010,46,19,17,26,31,23
0431,01.07.2010,43,31,21,15,13,46
0432,04.07.2010,37,41,19,49,11,26
0433,06.07.2010,11,41,44,05,28,01
0434,08.07.2010,04,48,05,46,33,41
0435,11.07.2010,19,22,14,24,18,29
0436,13.07.2010,33,49,30,17,01,45
0437,15.07.2010,34,03,20,47,37,31
0438,18.07.2010,32,49,36,18,22,29
0439,20.07.2010,09,10,17,11,33,29
0440,22.07.2010,24,38,06,08,01,04
0441,25.07.2010,11,39,42,10,36,21
0442,27.07.2010,34,25,21,44,01,29
0443,29.07.2010,45,48,14,46,18,16
0444,01.08.2010,32,29,16,26,49,06
0445,03.08.2010,37,43,41,22,05,39
0446,05.08.2010,01,06,34,48,46,37
0447,08.08.2010,25,32,35,15,11,37
0448,10.08.2010,15,18,09,32,40,25
0449,12.08.2010,03,04,12,09,34,47
0450,15.08.2010,20,25,49,07,37,04
0451,17.08.2010,36,46,23,09,47,41
0452,19.08.2010,36,05,49,04,45,21
0453,22.08.2010,36,23,10,30,06,28
0454,24.08.2010,19,33,36,24,42,15
0455,26.08.2010,11,16,44,48,21,32
0456,29.08.2010,49,15,23,06,20,19
0457,31.08.2010,44,19,31,36,20,49
0458,02.09.2010,24,40,26,13,07,14
0459,05.09.2010,24,07,03,06,45,10
0460,07.09.2010,49,29,31,36,26,43
0461,09.09.2010,07,22,34,25,40,47
0462,12.09.2010,26,18,49,33,20,23
0463,14.09.2010,31,36,22,49,33,34
0464,16.09.2010,37,24,16,49,20,03
0465,19.09.2010,24,43,32,06,14,27
0466,21.09.2010,04,12,23,40,03,08
0467,23.09.2010,28,46,10,40,27,24
0468,26.09.2010,28,26,23,01,41,24
0469,28.09.2010,19,17,11,21,48,24
0470,30.09.2010,40,39,47,44,09,08
0471,03.10.2010,49,41,28,08,37,12
0472,05.10.2010,44,30,34,11,26,43
0473,07.10.2010,45,01,43,11,12,05
0474,10.10.2010,46,17,32,42,02,09
0475,12.10.2010,15,22,29,38,39,04
0476,14.10.2010,27,13,12,40,16,28
0477,17.10.2010,34,01,49,03,31,19
0478,19.10.2010,15,45,04,11,17,40
0479,21.10.2010,19,30,32,08,11,35
0480,24.10.2010,34,25,07,15,43,36
0481,26.10.2010,22,35,29,21,33,26
0482,28.10.2010,16,22,21,09,34,31
0483,31.10.2010,39,15,49,08,33,18
0484,02.11.2010,15,30,32,49,47,13
0485,04.11.2010,20,14,13,15,28,49
0486,07.11.2010,38,25,44,42,36,22
0487,09.11.2010,42,35,17,22,30,18
0488,11.11.2010,10,32,22,27,36,16
0489,14.11.2010,23,10,39,29,12,33
0490,16.11.2010,15,48,07,41,05,19
0491,18.11.2010,24,46,26,04,23,14
0492,25.11.2010,09,46,40,33,43,21
0493,21.11.2010,31,10,36,33,12,07
0494,28.11.2010,24,48,10,01,41,33
0495,30.11.2010,46,24,43,23,20,18
0496,02.12.2010,08,20,44,26,41,42
0497,05.12.2010,01,46,27,35,07,26
0498,07.12.2010,30,16,36,05,26,11
0499,09.12.2010,47,44,11,06,18,21
0500,12.12.2010,09,07,44,31,25,37
0501,14.12.2010,33,41,28,35,34,32
0502,16.12.2010,18,09,25,30,35,45
0503,19.12.2010,43,02,22,24,21,42
0504,21.12.2010,26,46,05,04,22,01
0505,23.12.2010,42,24,30,14,25,36
0506,26.12.2010,45,40,14,43,22,18
0507,28.12.2010,30,19,42,39,08,45
0508,30.12.2010,20,17,05,13,43,04
0509,02.01.2011,16,17,41,31,19,03
0510,04.01.2011,26,20,22,18,11,10
0511,06.01.2011,36,49,48,22,14,01
0512,09.01.2011,22,10,15,11,47,09
0513,11.01.2011,38,03,37,07,48,06
0514,13.01.2011,08,13,16,11,31,40
0515,16.01.2011,37,43,45,29,48,05
0516,18.01.2011,33,38,32,17,01,09
0517,20.01.2011,09,45,36,42,01,16
0518,23.01.2011,20,34,25,32,37,06
0519,25.01.2011,12,47,23,37,24,29
0520,27.01.2011,43,13,35,46,22,24
0521,30.01.2011,24,14,09,26,45,17
0522,01.02.2011,31,44,46,23,37,07
0523,03.02.2011,18,48,10,47,19,31
0524,06.02.2011,10,14,48,37,47,23
0525,08.02.2011,23,46,04,49,48,37
0526,10.02.2011,44,06,09,01,40,24
0527,13.02.2011,06,44,24,47,38,33
0528,15.02.2011,21,36,27,29,43,45
0529,17.02.2011,26,09,37,20,10,04
0530,20.02.2011,24,23,16,33,36,14
0531,22.02.2011,23,25,45,31,36,37
0532,24.02.2011,24,46,49,28,47,42
0533,27.02.2011,16,44,28,30,12,27
0534,01.03.2011,19,27,25,05,47,37
0535,03.03.2011,37,41,01,36,14,24
0536,06.03.2011,19,41,17,29,36,21
0537,08.03.2011,17,29,20,36,14,03
0538,10.03.2011,36,05,23,49,28,20
0539,13.03.2011,40,35,26,46,44,24
0540,15.03.2011,42,01,12,07,44,19
0541,17.03.2011,06,39,48,04,05,32
0542,20.03.2011,43,26,25,28,33,47
0543,22.03.2011,40,16,07,27,28,14
0544,24.03.2011,40,08,20,37,10,17
0545,27.03.2011,03,37,10,07,23,05
0546,29.03.2011,02,23,13,11,09,33
0547,31.03.2011,40,11,01,05,46,17
0548,03.04.2011,31,22,09,26,06,08
0549,05.04.2011,10,43,34,44,36,03
0550,07.04.2011,17,06,24,09,03,16
0551,10.04.2011,08,14,43,17,38,36
0552,12.04.2011,14,35,10,04,38,47
0553,14.04.2011,27,01,20,47,07,10
0554,17.04.2011,25,21,18,40,02,26
0555,19.04.2011,15,08,12,01,42,11
0556,26.04.2011,48,40,36,45,03,16
0557,28.04.2011,20,34,25,07,31,33
0558,01.05.2011,08,09,45,43,23,18
0559,03.05.2011,07,11,41,09,24,17
0560,05.05.2011,41,07,33,23,48,17
0561,08.05.2011,12,34,48,17,25,15
0562,10.05.2011,18,26,22,01,13,46
0563,12.05.2011,30,14,19,22,29,46
0564,15.05.2011,16,42,04,33,03,35
0565,17.05.2011,16,14,24,12,19,23
0566,19.05.2011,25,01,18,20,44,37
0567,22.05.2011,25,44,10,21,29,37
0568,24.05.2011,35,14,21,38,15,19
0569,26.05.2011,35,07,39,03,38,40
0570,29.05.2011,33,17,13,34,26,25
0571,31.05.2011,26,36,27,48,14,44
0572,02.06.2011,10,34,30,21,13,07
0573,05.06.2011,42,14,40,02,08,27
0574,07.06.2011,30,21,47,42,08,40
0575,09.06.2011,37,34,18,43,26,23
0576,12.06.2011,07,03,24,28,16,01
0577,14.06.2011,48,15,41,11,33,07
0578,16.06.2011,20,47,45,24,05,21
0579,19.06.2011,31,40,02,07,10,42
0580,21.06.2011,37,07,09,45,31,17
0581,23.06.2011,21,22,14,06,23,33
0582,26.06.2011,32,11,23,45,42,21
0583,28.06.2011,18,32,40,37,11,36
0584,30.06.2011,09,26,30,48,02,39
0585,03.07.2011,04,20,35,21,07,13
0586,05.07.2011,42,03,47,09,23,24
0587,07.07.2011,01,02,48,13,18,46
0588,10.07.2011,25,09,03,16,41,37
0589,12.07.2011,27,16,44,11,49,38
0590,14.07.2011,41,21,44,20,19,36
0591,17.07.2011,41,12,31,37,27,29
0592,19.07.2011,47,45,09,34,33,48
0593,21.07.2011,12,15,29,09,48,17
0594,24.07.2011,08,13,07,37,48,17
0595,26.07.2011,39,42,38,07,10,12
0596,28.07.2011,35,40,36,45,26,19
0597,31.07.2011,05,48,17,20,32,28
0598,02.08.2011,49,16,41,01,28,10
0599,04.08.2011,30,25,06,46,05,48
0600,07.08.2011,34,04,11,10,08,38
0601,09.08.2011,46,06,21,08,18,40
0602,11.08.2011,33,36,01,07,48,10
0603,14.08.2011,40,30,37,39,31,46
0604,16.08.2011,22,14,05,19,46,02
0605,18.08.2011,27,17,31,28,15,07
0606,21.08.2011,03,21,43,06,49,07
0607,23.08.2011,14,49,48,34,01,13
0608,25.08.2011,15,41,39,42,27,38
0609,28.08.2011,06,09,11,18,23,29
0610,30.08.2011,16,06,13,12,43,37
0611,01.09.2011,43,41,10,33,37,38
0612,04.09.2011,47,22,04,36,19,24
0613,06.09.2011,39,34,03,22,31,25
0614,08.09.2011,48,22,41,20,44,18
0615,11.09.2011,17,33,01,21,30,07
0616,13.09.2011,26,46,28,36,49,08
0617,15.09.2011,42,10,37,03,25,14
0618,18.09.2011,20,42,24,34,13,21
0619,20.09.2011,14,05,17,06,21,46
0620,22.09.2011,35,37,29,07,14,21
0621,25.09.2011,12,41,25,40,03,01
0622,27.09.2011,08,31,03,32,18,05
0623,29.09.2011,14,33,37,34,27,07
0624,02.10.2011,40,37,39,09,49,27
0625,04.10.2011,09,08,47,24,41,31
0626,06.10.2011,16,39,02,34,06,38
0627,09.10.2011,05,25,08,21,17,06
0628,11.10.2011,43,15,45,17,39,48
0629,13.10.2011,36,15,10,23,30,21
0630,16.10.2011,17,49,32,29,02,24
0631,18.10.2011,11,42,08,10,43,47
0632,20.10.2011,05,19,11,49,13,08
0633,23.10.2011,32,34,02,08,23,03
0634,25.10.2011,02,24,44,06,42,33
0635,27.10.2011,26,49,46,06,20,28
0636,30.10.2011,30,37,38,25,32,27
0637,01.11.2011,05,20,46,36,06,03
0638,03.11.2011,03,21,27,35,01,26
0639,06.11.2011,25,24,38,31,34,49
0640,08.11.2011,49,47,25,21,12,19
0641,10.11.2011,04,40,23,06,30,09
0642,13.11.2011,16,23,45,44,43,24
0643,15.11.2011,44,38,47,17,12,27
0644,17.11.2011,49,36,03,48,45,05
0645,20.11.2011,31,38,11,23,14,44
0646,22.11.2011,45,36,37,25,10,30
0647,24.11.2011,14,27,34,33,24,40
0648,27.11.2011,03,21,36,39,08,25
0649,29.11.2011,03,16,36,32,17,09
0650,01.12.2011,48,25,18,02,29,03
0651,04.12.2011,07,17,18,39,40,06
0652,06.12.2011,40,16,25,24,29,26
0653,08.12.2011,10,28,23,46,31,30
0654,11.12.2011,48,18,42,08,21,34
0655,13.12.2011,40,26,15,11,41,25
0656,15.12.2011,25,30,07,35,29,10
0657,18.12.2011,17,02,45,04,09,28
0658,20.12.2011,26,03,13,30,29,05
0659,22.12.2011,25,44,20,06,03,05
0660,27.12.2011,26,16,22,04,09,48
0661,29.12.2011,16,07,38,29,48,21
0662,03.01.2012,42,28,34,46,04,14
0663,05.01.2012,25,21,05,15,42,12
0664,08.01.2012,45,49,12,34,04,14
0665,10.01.2012,15,14,16,21,26,45
0666,12.01.2012,01,26,23,30,28,22
0667,15.01.2012,43,38,25,21,10,09
0668,17.01.2012,16,32,04,17,10,36
0669,19.01.2012,39,49,29,11,24,26
0670,22.01.2012,32,23,36,21,28,17
0671,24.01.2012,27,34,29,23,25,04
0672,26.01.2012,27,21,22,39,02,23
0673,29.01.2012,25,29,13,05,20,28
0674,31.01.2012,10,30,04,21,44,27
0675,02.02.2012,40,25,33,17,38,49
0676,05.02.2012,25,24,08,02,11,16
0677,07.02.2012,02,28,44,03,26,27
0678,09.02.2012,28,25,12,07,03,14
0679,12.02.2012,44,46,27,07,19,23
0680,14.02.2012,29,21,11,30,25,08
0681,16.02.2012,47,01,49,05,40,45
0682,19.02.2012,06,04,18,48,34,37
0683,21.02.2012,32,19,17,25,43,18
0684,23.02.2012,10,09,26,11,12,16
0685,26.02.2012,36,27,46,30,14,03
0686,28.02.2012,19,02,04,38,28,23
0687,01.03.2012,11,09,12,17,18,32
0688,04.03.2012,28,26,27,11,34,17
0689,06.03.2012,47,07,03,33,39,34
0690,08.03.2012,34,16,30,49,45,09
0691,11.03.2012,46,10,48,33,36,34
0692,13.03.2012,29,02,22,33,04,47
0693,15.03.2012,44,20,22,16,30,02
0694,18.03.2012,37,39,40,33,27,12
0695,20.03.2012,13,43,33,10,17,04
0696,22.03.2012,44,09,18,33,22,13
0697,25.03.2012,23,46,35,18,45,40
0698,27.03.2012,32,48,28,13,21,42
0699,29.03.2012,08,26,44,11,17,32
0700,01.04.2012,10,02,42,16,15,12
0701,03.04.2012,23,01,16,40,35,32
0702,10.04.2012,36,19,09,03,43,06
0703,12.04.2012,21,13,26,05,23,37
0704,15.04.2012,47,12,04,32,02,21
0705,17.04.2012,23,34,38,10,44,46
0706,19.04.2012,21,26,35,28,44,12
0707,22.04.2012,24,40,33,29,38,27
0708,24.04.2012,47,36,44,28,27,18
0709,26.04.2012,22,49,15,20,30,44
0710,29.04.2012,39,05,31,38,18,07
0711,01.05.2012,24,12,28,04,42,19
0712,03.05.2012,31,04,38,08,20,19
0713,06.05.2012,09,26,32,08,34,14
0714,08.05.2012,20,35,03,43,26,23
0715,10.05.2012,06,10,44,42,25,46
0716,13.05.2012,20,37,17,14,18,24
0717,15.05.2012,17,24,47,21,42,39
0718,17.05.2012,49,09,12,05,33,27
0719,20.05.2012,09,47,12,30,06,01
0720,22.05.2012,32,35,06,20,07,19
0721,24.05.2012,09,35,25,20,10,08
0722,27.05.2012,34,29,19,43,41,10
0723,29.05.2012,29,49,45,16,41,48
0724,31.05.2012,19,24,01,03,40,39
0725,03.06.2012,22,46,06,23,36,25
0726,05.06.2012,10,30,42,12,48,34
0727,07.06.2012,06,49,32,03,48,14
0728,10.06.2012,30,41,48,03,11,23
0729,12.06.2012,01,46,29,41,17,06
0730,14.06.2012,44,06,22,33,36,30
0731,17.06.2012,13,10,18,46,12,15
0732,19.06.2012,08,05,20,49,06,07
0733,21.06.2012,22,20,10,03,13,45
0734,24.06.2012,47,11,08,22,39,29
0735,26.06.2012,05,14,37,12,13,27
0736,28.06.2012,13,12,38,46,11,29
0737,01.07.2012,07,21,15,01,25,40
0738,03.07.2012,38,12,03,29,30,27
0739,05.07.2012,31,01,05,04,09,13
0740,08.07.2012,32,25,17,11,13,28
0741,10.07.2012,28,33,38,03,35,08
0742,12.07.2012,45,49,30,33,20,44
0743,15.07.2012,42,15,22,09,17,13
0744,17.07.2012,38,36,33,35,06,43
0745,19.07.2012,48,07,35,11,22,13
0746,22.07.2012,21,41,20,22,04,44
0747,24.07.2012,01,40,19,18,03,12
0748,26.07.2012,32,11,06,21,42,46
0749,29.07.2012,13,36,31,05,33,24
0750,31.07.2012,02,28,10,07,38,08
0751,02.08.2012,12,38,42,48,01,37
0752,05.08.2012,11,19,28,49,38,20
0753,07.08.2012,48,30,27,19,32,29
0754,09.08.2012,49,11,09,17,05,20
0755,12.08.2012,36,22,23,33,24,39
0756,14.08.2012,01,38,37,12,47,09
0757,16.08.2012,07,30,20,12,05,08
0758,19.08.2012,18,37,02,10,21,41
0759,21.08.2012,01,12,35,17,09,47
0760,23.08.2012,43,10,27,09,44,34
0761,26.08.2012,09,35,49,21,48,40
0762,28.08.2012,26,17,05,13,35,09
0763,30.08.2012,21,25,46,43,02,27
0764,02.09.2012,22,17,36,14,46,47
0765,04.09.2012,09,29,23,20,28,41
0766,06.09.2012,42,12,16,48,02,19
0767,09.09.2012,47,28,22,36,20,29
0768,11.09.2012,02,17,44,28,49,36
0769,13.09.2012,21,23,19,08,45,05
0770,16.09.2012,30,28,34,48,10,04
0771,18.09.2012,47,33,24,29,43,05
0772,20.09.2012,22,11,17,23,43,12
0773,23.09.2012,04,28,03,37,29,24
0774,25.09.2012,07,34,21,28,10,18
0775,27.09.2012,28,49,37,33,25,07
0776,30.09.2012,33,37,44,01,17,45
0777,02.10.2012,03,08,35,11,31,25
0778,04.10.2012,26,38,04,17,40,11
0779,07.10.2012,46,43,39,23,21,02
0780,09.10.2012,47,34,05,02,31,30
0781,11.10.2012,19,23,35,48,41,28
0782,14.10.2012,07,06,03,38,43,05
0783,16.10.2012,45,17,41,06,47,49
0784,18.10.2012,31,22,13,02,08,39
0785,21.10.2012,43,24,36,41,17,23
0786,23.10.2012,24,02,34,47,33,45
0787,25.10.2012,12,42,18,08,40,49
0788,28.10.2012,21,10,31,13,28,09
0789,30.10.2012,17,19,02,36,34,27
0790,01.11.2012,46,04,30,48,02,36
0791,04.11.2012,16,40,10,02,37,23
0792,06.11.2012,32,45,36,21,38,09
0793,08.11.2012,21,43,23,28,08,37
0794,11.11.2012,12,34,47,18,04,01
0795,13.11.2012,33,48,24,13,16,28
0796,15.11.2012,01,38,19,11,16,49
0797,18.11.2012,48,21,39,24,29,25
0798,20.11.2012,41,42,32,06,22,49
0799,22.11.2012,10,30,19,17,06,23
0800,25.11.2012,36,28,20,21,49,17
0801,27.11.2012,23,41,44,02,04,01
0802,29.11.2012,18,43,28,47,07,46
0803,02.12.2012,49,43,37,23,31,44
0804,04.12.2012,30,01,14,20,41,42
0805,06.12.2012,38,31,17,41,40,18
0806,09.12.2012,04,09,35,16,14,23
0807,11.12.2012,04,20,36,46,11,17
0808,13.12.2012,34,24,23,10,05,08
0809,16.12.2012,18,17,13,29,11,40
0810,18.12.2012,11,01,23,18,37,05
0811,20.12.2012,18,43,38,28,06,27
0812,23.12.2012,44,01,17,25,15,46
0813,27.12.2012,02,43,40,34,35,06
0814,30.12.2012,03,31,24,17,12,47
0815,03.01.2013,23,11,25,18,09,03
0816,06.01.2013,18,02,46,03,30,38
0817,08.01.2013,49,19,34,17,45,41
0818,10.01.2013,36,42,34,29,47,37
0819,13.01.2013,32,21,18,49,07,05
0820,15.01.2013,02,34,27,11,14,07
0821,17.01.2013,21,26,45,34,10,01
0822,20.01.2013,07,21,01,06,14,39
0823,22.01.2013,13,22,04,15,32,31
0824,24.01.2013,45,23,34,20,48,08
0825,27.01.2013,45,43,30,21,42,33
0826,29.01.2013,48,22,15,12,18,01
0827,31.01.2013,47,45,39,11,14,23
0828,03.02.2013,10,43,09,07,45,03
0829,05.02.2013,18,27,12,23,20,03
0830,07.02.2013,18,31,06,26,15,47
0831,10.02.2013,19,47,29,33,20,32
0832,12.02.2013,03,19,29,39,01,43
0833,14.02.2013,09,04,41,11,17,42
0834,17.02.2013,07,23,14,45,18,48
0835,19.02.2013,41,44,26,21,13,16
0836,21.02.2013,39,27,09,13,22,10
0837,24.02.2013,15,38,12,10,05,07
0838,26.02.2013,39,02,13,32,04,18
0839,28.02.2013,28,30,07,36,33,15
0840,03.03.2013,32,41,01,27,30,37
0841,05.03.2013,22,04,45,49,10,40
0842,07.03.2013,26,43,31,38,22,02
0843,10.03.2013,08,21,13,47,29,48
0844,12.03.2013,41,40,31,27,28,36
0845,14.03.2013,40,30,22,16,07,34
0846,17.03.2013,09,17,28,36,19,33
0847,19.03.2013,43,02,26,29,12,06
0848,21.03.2013,13,42,15,37,07,04
0849,24.03.2013,12,26,06,40,24,34
0850,26.03.2013,41,03,35,17,06,04
0851,02.04.2013,34,06,40,01,12,46
0852,04.04.2013,21,47,02,10,29,16
0853,07.04.2013,02,45,10,04,09,31
0854,09.04.2013,14,31,08,16,02,42
0855,11.04.2013,25,07,02,45,35,49
0856,14.04.2013,10,21,39,34,05,22
0857,16.04.2013,28,21,03,23,41,38
0858,18.04.2013,04,32,27,31,46,20
0859,21.04.2013,44,40,31,10,12,48
0860,23.04.2013,01,24,35,31,47,21
0861,25.04.2013,25,37,35,12,09,45
0862,28.04.2013,46,18,33,31,14,30
0863,30.04.2013,06,10,16,24,09,05
0864,02.05.2013,22,24,02,49,38,23
0865,05.05.2013,36,22,25,29,42,11
0866,07.05.2013,05,27,36,26,01,02
0867,09.05.2013,07,28,16,27,25,37
0868,12.05.2013,03,04,42,14,35,45
0869,14.05.2013,47,16,46,23,09,34
0870,16.05.2013,49,12,04,40,32,44
0871,19.05.2013,28,19,40,33,10,45
0872,21.05.2013,38,34,43,22,29,17
0873,23.05.2013,46,31,44,39,45,34
0874,26.05.2013,12,37,45,25,04,26
0875,28.05.2013,30,43,35,20,17,31
0876,30.05.2013,32,40,38,28,21,29
0877,02.06.2013,38,27,44,43,32,49
0878,04.06.2013,20,05,45,35,26,21
0879,06.06.2013,40,20,26,15,45,36
0880,09.06.2013,19,46,35,40,43,16
0881,11.06.2013,11,42,45,14,19,16
0882,13.06.2013,14,08,27,26,06,43
0883,16.06.2013,44,17,05,34,31,10
0884,18.06.2013,07,42,34,46,40,01
0885,20.06.2013,35,13,46,18,49,28
0886,23.06.2013,38,17,48,28,15,45
0887,25.06.2013,44,46,18,27,42,02
0888,27.06.2013,33,46,30,44,18,41
0889,30.06.2013,26,11,32,31,17,06
0890,02.07.2013,26,02,43,14,48,20
0891,04.07.2013,44,28,24,42,08,06
0892,07.07.2013,15,27,45,41,18,12
0893,09.07.2013,46,49,15,16,35,18
0894,11.07.2013,41,40,30,10,32,21
0895,14.07.2013,49,21,37,48,14,09
0896,16.07.2013,08,24,13,40,32,11
0897,18.07.2013,41,38,42,30,01,45
0898,21.07.2013,10,28,43,46,49,23
0899,23.07.2013,24,41,39,26,38,15
0900,25.07.2013,19,14,26,09,45,06
0901,28.07.2013,26,31,34,33,43,06
0902,30.07.2013,26,43,49,42,13,15
0903,01.08.2013,35,31,18,12,10,30
0904,04.08.2013,21,20,05,04,09,32
0905,06.08.2013,18,40,45,20,17,49
0906,08.08.2013,16,10,07,46,04,32
0907,11.08.2013,21,01,18,23,05,25
0908,13.08.2013,05,13,38,11,27,47
0909,15.08.2013,28,38,35,37,09,43
0910,18.08.2013,10,43,21,28,22,40
0911,20.08.2013,31,02,10,24,07,28
0912,22.08.2013,16,41,24,31,02,49
0913,25.08.2013,49,44,24,35,10,11
0914,27.08.2013,21,25,11,20,19,44
0915,29.08.2013,05,41,44,35,30,07
0916,01.09.2013,05,32,38,13,45,39
0917,03.09.2013,34,07,30,19,21,02
0918,05.09.2013,20,11,27,46,02,15
0919,08.09.2013,20,43,26,15,17,06
0920,10.09.2013,49,34,14,17,25,09
0921,12.09.2013,21,40,23,25,41,48
0922,15.09.2013,27,06,22,04,11,43
0923,17.09.2013,30,28,37,49,47,33
0924,19.09.2013,20,04,30,16,44,26
0925,22.09.2013,22,41,04,17,38,29
0926,24.09.2013,03,29,42,45,18,20
0927,26.09.2013,44,47,23,14,18,24
0928,29.09.2013,36,01,19,46,44,31
0929,01.10.2013,30,13,02,27,39,32
0930,03.10.2013,44,29,11,40,09,02
0931,06.10.2013,32,47,11,07,21,08
0932,08.10.2013,24,26,03,10,39,29
0933,10.10.2013,21,28,11,25,23,20
0934,13.10.2013,45,15,06,02,03,28
0935,15.10.2013,04,14,17,12,11,31
0936,17.10.2013,30,03,26,12,05,22
0937,20.10.2013,03,40,09,17,30,12
0938,22.10.2013,35,01,49,21,24,04
0939,24.10.2013,24,33,34,12,06,25
0940,27.10.2013,13,38,46,34,25,22
0941,29.10.2013,18,29,03,31,17,13
0942,31.10.2013,36,37,10,08,49,40
0943,03.11.2013,05,10,32,29,45,37
0944,05.11.2013,48,16,02,46,29,45
0945,07.11.2013,15,11,23,45,08,12
0946,10.11.2013,37,19,32,31,05,14
0947,12.11.2013,03,06,45,31,16,27
0948,14.11.2013,22,06,01,27,34,15
0949,17.11.2013,36,04,30,26,31,27
0950,19.11.2013,07,47,21,33,38,24
0951,21.11.2013,47,21,09,35,19,15
0952,24.11.2013,42,10,33,38,04,23
0953,26.11.2013,28,06,35,36,02,21
0954,28.11.2013,49,22,17,21,23,24
0955,01.12.2013,08,45,03,46,49,26
0956,03.12.2013,02,41,23,03,05,04
0957,05.12.2013,15,07,30,48,25,32
0958,08.12.2013,10,36,44,35,19,39
0959,10.12.2013,11,05,03,43,38,35
0960,12.12.2013,12,08,37,17,20,09
0961,15.12.2013,14,46,21,02,10,17
0962,17.12.2013,40,42,14,47,24,30
0963,19.12.2013,33,23,34,49,16,03
0964,22.12.2013,34,35,16,33,42,23
0965,24.12.2013,13,42,18,15,41,05
0966,26.12.2013,25,02,46,45,39,47
0967,29.12.2013,45,39,34,21,05,19
0968,31.12.2013,44,34,09,49,12,26
0969,02.01.2014,42,08,45,41,48,03
0970,05.01.2014,11,27,01,35,02,30
0971,07.01.2014,16,48,24,14,27,28
0972,09.01.2014,33,48,34,20,11,03
0973,12.01.2014,09,21,14,27,06,19
0974,14.01.2014,24,28,08,31,20,13
0975,16.01.2014,21,43,38,49,11,20
0976,19.01.2014,25,07,36,12,43,33
0977,21.01.2014,12,09,35,45,27,25
0978,23.01.2014,29,43,48,13,06,25
0979,26.01.2014,02,42,06,13,34,40
0980,28.01.2014,29,28,45,44,40,18
0981,30.01.2014,48,08,43,34,44,30
0982,02.02.2014,40,29,05,44,49,07
0983,04.02.2014,36,06,19,24,03,28
0984,06.02.2014,30,20,06,29,01,03
0985,09.02.2014,29,35,13,48,22,09
0986,11.02.2014,24,38,43,22,37,31
0987,13.02.2014,03,13,33,07,49,02
0988,16.02.2014,14,22,42,11,26,49
0989,18.02.2014,32,17,43,14,40,23
0990,20.02.2014,49,32,04,12,23,24
0991,23.02.2014,12,41,32,08,35,16
0992,25.02.2014,14,25,47,22,17,04
0993,27.02.2014,30,44,45,07,39,48
0994,02.03.2014,28,41,31,45,09,12
0995,04.03.2014,26,36,07,28,01,46
0996,06.03.2014,04,17,11,44,39,31
0997,09.03.2014,41,27,21,47,43,14
0998,11.03.2014,17,49,13,24,10,03
0999,13.03.2014,07,49,40,25,38,37
1000,16.03.2014,01,15,47,36,08,48
1001,18.03.2014,12,46,26,30,27,09
1002,20.03.2014,22,30,01,40,32,12
1003,23.03.2014,16,44,43,17,47,12
1004,25.03.2014,49,31,16,07,24,28
1005,27.03.2014,16,26,47,46,32,08
1006,30.03.2014,36,40,24,10,35,17
1007,01.04.2014,22,20,17,09,13,29
1008,03.04.2014,08,01,35,46,02,22
1009,06.04.2014,01,19,35,49,27,32
1010,08.04.2014,39,40,43,35,41,48
1011,10.04.2014,35,15,24,45,22,04
1012,13.04.2014,33,38,22,47,08,28
1013,15.04.2014,45,34,07,06,14,30
1014,22.04.2014,22,45,40,48,33,49
1015,24.04.2014,15,21,23,38,37,16
1016,27.04.2014,19,11,48,30,02,18
1017,29.04.2014,22,06,39,41,14,45
1018,01.05.2014,09,40,23,38,49,15
1019,04.05.2014,36,15,44,14,26,35
1020,06.05.2014,13,28,49,01,06,10
1021,08.05.2014,11,33,25,48,46,36
1022,11.05.2014,41,34,14,49,33,16
1023,13.05.2014,23,03,36,20,30,08
1024,15.05.2014,39,42,14,08,40,01
1025,18.05.2014,32,31,23,48,47,27
1026,20.05.2014,21,11,31,45,36,07
1027,22.05.2014,31,35,04,06,30,03
1028,25.05.2014,40,16,27,39,29,42
1029,27.05.2014,24,37,03,39,32,26
1030,29.05.2014,39,42,25,43,12,24
1031,01.06.2014,23,33,34,42,41,35
1032,03.06.2014,16,10,45,17,48,41
1033,05.06.2014,13,08,12,35,48,38
1034,08.06.2014,30,24,38,14,43,47
1035,10.06.2014,03,45,24,29,07,41
1036,12.06.2014,18,46,06,07,24,41
1037,15.06.2014,04,27,38,36,35,10
1038,17.06.2014,34,37,21,23,10,22
1039,19.06.2014,40,35,28,09,12,18
1040,22.06.2014,21,31,36,39,03,06
1041,24.06.2014,02,30,03,06,09,20
1042,26.06.2014,46,44,20,28,21,18
1043,29.06.2014,38,04,32,34,05,47
1044,01.07.2014,07,09,29,18,21,26
1045,03.07.2014,12,19,22,20,30,38
1046,06.07.2014,46,19,28,32,24,37
1047,08.07.2014,16,31,44,04,28,05
1048,10.07.2014,35,12,11,13,20,48
1049,13.07.2014,39,20,35,06,19,28
1050,15.07.2014,35,28,31,41,18,39
1051,17.07.2014,17,22,11,10,08,35
1052,20.07.2014,09,28,12,25,05,14
1053,22.07.2014,28,36,25,17,32,13
1054,24.07.2014,05,08,10,41,02,29
1055,27.07.2014,21,34,05,35,46,07
1056,29.07.2014,45,26,35,23,08,01
1057,31.07.2014,43,30,04,29,01,17
1058,03.08.2014,26,24,07,05,46,29
1059,05.08.2014,41,05,29,33,22,21
1060,07.08.2014,49,45,22,46,17,20
1061,10.08.2014,39,45,40,31,35,13
1062,12.08.2014,29,48,26,42,09,02
1063,14.08.2014,26,24,15,39,47,30
1064,17.08.2014,34,49,21,42,39,37
1065,19.08.2014,47,32,09,43,19,20
1066,21.08.2014,38,02,18,09,01,21
1067,24.08.2014,01,49,48,02,18,46
1068,26.08.2014,23,05,04,37,19,34
1069,28.08.2014,49,10,03,46,22,18
1070,31.08.2014,13,10,47,09,36,46
1071,02.09.2014,31,21,09,08,19,32
1072,04.09.2014,42,17,33,44,16,46
1073,07.09.2014,49,43,17,37,21,13
1074,09.09.2014,34,04,08,47,18,17
1075,11.09.2014,16,05,11,38,42,19
1076,14.09.2014,12,47,36,16,31,44
1077,16.09.2014,41,26,27,19,07,01
1078,18.09.2014,25,28,09,17,35,18
1079,21.09.2014,17,30,19,05,02,42
1080,23.09.2014,07,13,33,44,46,03
1081,25.09.2014,03,14,20,16,27,32
1082,28.09.2014,26,24,42,29,06,03
1083,30.09.2014,36,16,04,10,39,19
1084,02.10.2014,01,43,05,48,37,15
1085,05.10.2014,43,48,06,11,13,29
1086,07.10.2014,09,25,02,04,30,40
1087,09.10.2014,35,15,36,37,47,01
1088,12.10.2014,13,41,05,28,46,11
1089,14.10.2014,26,31,29,40,05,16
1090,16.10.2014,29,25,01,49,19,30
1091,19.10.2014,06,26,25,20,49,32
1092,21.10.2014,29,13,20,03,40,38
1093,23.10.2014,11,42,37,22,14,12
1094,26.10.2014,40,49,26,14,45,38
1095,28.10.2014,24,21,08,13,32,33
1096,30.10.2014,13,11,49,05,42,02
1097,02.11.2014,17,29,27,44,12,39
1098,04.11.2014,21,43,11,03,29,47
1099,06.11.2014,34,48,40,27,06,31
1100,09.11.2014,05,30,34,02,40,21
1101,11.11.2014,02,08,16,29,18,35
1102,13.11.2014,41,10,04,20,08,03
1103,16.11.2014,03,22,14,24,40,38
1104,18.11.2014,20,40,32,14,05,31
1105,20.11.2014,04,29,44,42,12,30
1106,23.11.2014,49,33,05,06,14,42
1107,25.11.2014,40,06,16,01,46,13
1108,27.11.2014,38,04,36,06,33,29
1109,30.11.2014,40,03,31,24,26,32
1110,02.12.2014,19,08,43,45,39,15
1111,04.12.2014,16,26,43,09,03,12
1112,07.12.2014,23,03,48,49,09,30
1113,09.12.2014,38,37,19,09,03,16
1114,11.12.2014,47,32,06,14,22,19
1115,14.12.2014,38,47,13,12,19,30
1116,16.12.2014,35,48,07,33,27,26
1117,18.12.2014,27,06,41,09,31,33
1118,21.12.2014,41,28,10,18,38,29
1119,23.12.2014,11,24,22,41,28,13
1120,28.12.2014,43,16,49,31,18,20
1121,30.12.2014,28,46,30,31,44,24
1122,04.01.2015,40,11,14,39,04,32
1123,06.01.2015,30,23,43,32,28,09
1124,08.01.2015,41,11,42,30,19,38
1125,11.01.2015,38,31,19,13,34,06
1126,13.01.2015,45,05,15,21,28,17
1127,15.01.2015,27,06,09,08,17,03
1128,18.01.2015,49,36,26,42,05,04
1129,20.01.2015,46,19,07,18,17,40
1130,22.01.2015,12,04,33,05,10,07
1131,25.01.2015,11,49,14,28,46,17
1132,27.01.2015,01,47,02,27,37,24
1133,29.01.2015,47,05,46,02,13,08
1134,01.02.2015,20,12,40,14,09,05
1135,03.02.2015,06,01,16,39,38,10
1136,05.02.2015,19,47,49,02,46,29
1137,08.02.2015,02,37,22,12,42,24
1138,10.02.2015,13,27,45,16,19,41
1139,12.02.2015,07,13,45,11,10,37
1140,15.02.2015,23,11,08,04,22,25
1141,17.02.2015,16,23,19,20,25,30
1142,19.02.2015,01,39,49,35,03,10
1143,22.02.2015,05,31,38,29,46,20
1144,24.02.2015,06,39,41,23,31,22
1145,26.02.2015,04,21,37,45,27,15
1146,01.03.2015,31,19,16,39,45,40
1147,03.03.2015,26,48,42,44,10,33
1148,05.03.2015,24,46,47,02,31,01
1149,08.03.2015,24,42,46,13,33,02
1150,10.03.2015,43,40,30,11,19,37
1151,12.03.2015,15,22,24,27,10,20
1152,15.03.2015,18,16,04,08,48,03
1153,19.03.2015,42,48,04,46,05,39
1154,22.03.2015,27,38,15,43,49,11
1155,26.03.2015,16,36,12,37,46,09
1156,29.03.2015,34,07,47,10,01,02
1157,31.03.2015,38,37,32,03,34,39
1158,07.04.2015,33,39,43,44,15,07
1159,09.04.2015,44,46,33,28,05,13
1160,12.04.2015,48,35,19,37,24,28
1161,14.04.2015,40,45,33,37,31,03
1162,16.04.2015,18,25,29,23,09,35
1163,17.03.2015,46,18,17,24,39,08
1164,24.03.2015,38,07,44,41,03,02
1165,19.04.2015,01,39,31,46,49,48
1166,21.04.2015,10,19,14,28,45,44
1167,23.04.2015,08,22,05,32,34,45
1168,26.04.2015,15,23,32,35,47,06
1169,28.04.2015,24,28,38,42,17,05
1170,30.04.2015,13,16,01,22,34,26
1171,03.05.2015,11,10,05,48,49,35
1172,05.05.2015,34,46,49,31,25,27
1173,07.05.2015,10,09,19,31,16,49
1174,10.05.2015,27,42,46,05,23,31
1175,12.05.2015,38,40,09,19,02,22
1176,14.05.2015,42,32,36,09,41,20
1177,17.05.2015,26,45,02,10,29,46
1178,19.05.2015,35,39,29,30,38,41
1179,21.05.2015,48,35,14,08,17,10
1180,24.05.2015,45,31,17,18,44,30
1181,26.05.2015,01,41,49,35,08,16
1182,28.05.2015,18,29,38,05,31,22
1183,31.05.2015,49,21,24,05,08,39
1184,02.06.2015,30,34,49,01,05,29
1185,04.06.2015,37,23,14,13,45,20
1186,07.06.2015,39,36,06,24,43,25
1187,09.06.2015,13,37,41,47,02,27
1188,11.06.2015,29,21,01,14,18,07
1189,14.06.2015,27,32,43,11,07,05
1190,16.06.2015,36,03,14,43,38,04
1191,18.06.2015,49,15,37,21,48,07
1192,21.06.2015,22,13,19,14,30,35
1193,23.06.2015,04,46,35,12,39,15
1194,25.06.2015,13,19,04,31,49,20
1195,28.06.2015,14,05,01,32,37,49
1196,30.06.2015,42,05,32,11,24,21
1197,02.07.2015,27,02,04,08,13,40
1198,05.07.2015,11,31,03,28,44,13
1199,07.07.2015,18,48,12,11,13,05
1200,09.07.2015,25,46,49,39,17,07
1201,12.07.2015,04,01,32,13,29,08
1202,14.07.2015,17,45,19,04,37,38
1203,16.07.2015,29,47,10,36,16,21
1204,19.07.2015,30,24,15,07,36,01
1205,21.07.2015,41,21,02,44,03,26
1206,23.07.2015,06,28,35,46,38,03
1207,26.07.2015,43,19,07,27,18,44
1208,28.07.2015,08,35,04,20,17,14
1209,30.07.2015,25,32,04,11,15,29
1210,02.08.2015,15,39,09,07,14,13
1211,04.08.2015,18,17,12,48,29,01
1212,06.08.2015,42,01,04,11,16,47
1213,09.08.2015,21,33,14,08,23,30
1214,11.08.2015,34,44,04,42,06,03
1215,13.08.2015,08,21,04,48,23,30
1216,16.08.2015,29,44,33,36,40,06
1217,18.08.2015,05,27,43,46,14,22
1218,20.08.2015,26,35,37,30,42,09
1219,23.08.2015,42,25,36,17,26,35
1220,25.08.2015,29,08,33,42,46,12
1221,27.08.2015,03,39,40,48,19,46
1222,30.08.2015,07,10,40,45,31,14
1223,01.09.2015,07,29,02,19,32,13
1224,03.09.2015,17,07,38,03,23,13
1225,06.09.2015,49,14,10,47,42,35
1226,08.09.2015,05,30,15,34,22,24
1227,13.09.2015,16,13,20,01,28,14
1228,15.09.2015,43,49,44,21,09,10
1229,17.09.2015,13,46,21,41,02,34
1230,20.09.2015,35,41,30,22,14,44
1231,22.09.2015,25,12,49,05,20,27
1232,24.09.2015,18,38,12,39,25,06
1233,27.09.2015,04,41,29,09,26,20
1234,29.09.2015,35,02,12,44,34,27
1235,01.10.2015,32,12,04,44,13,17
1236,04.10.2015,07,12,43,21,33,47
1237,06.10.2015,13,43,02,23,25,36
1238,08.10.2015,27,31,41,06,48,09
1239,11.10.2015,22,04,48,15,17,23
1240,13.10.2015,38,47,39,43,08,46
1241,15.10.2015,49,42,38,41,26,44
1242,18.10.2015,49,13,32,36,09,23
1243,20.10.2015,05,42,33,32,08,49
1244,22.10.2015,03,08,45,12,49,19
1245,25.10.2015,24,34,27,40,28,49
1246,27.10.2015,07,12,23,46,24,40
1247,29.10.2015,06,41,43,03,11,49
1248,01.11.2015,48,49,30,17,42,38
1249,03.11.2015,09,26,01,46,32,02
1250,05.11.2015,11,02,22,39,46,27
1251,08.11.2015,27,12,38,20,06,25
1252,10.11.2015,42,33,48,31,44,01
1253,12.11.2015,30,45,01,10,16,14
1254,15.11.2015,27,43,35,34,10,47
1255,17.11.2015,46,05,07,37,44,22
1256,19.11.2015,08,06,35,29,13,36
1257,22.11.2015,07,37,09,35,01,30
1258,24.11.2015,21,09,23,26,05,35
1259,26.11.2015,33,09,15,39,23,06
1260,29.11.2015,07,04,23,48,36,47
1261,01.12.2015,48,32,34,19,31,04
1262,03.12.2015,34,26,17,21,39,49
1263,06.12.2015,08,07,17,35,06,20
1264,08.12.2015,32,28,38,22,40,43
1265,10.09.2015,04,43,36,33,18,34
1266,10.12.2015,44,38,04,40,42,46
1267,13.12.2015,05,13,33,10,15,08
1268,15.12.2015,32,12,28,38,25,31
1269,17.12.2015,19,37,36,03,27,34
1270,20.12.2015,14,47,29,40,08,06
1271,22.12.2015,22,32,08,49,01,37
1272,24.12.2015,24,29,13,20,48,08
1273,27.12.2015,06,41,15,35,28,04
1274,29.12.2015,02,47,16,01,26,21
1275,31.12.2015,28,33,45,41,15,24
1276,03.01.2016,19,43,22,32,01,06
1277,05.01.2016,27,16,30,23,29,06
1278,07.01.2016,15,16,41,46,45,42
1279,10.01.2016,08,48,39,38,13,36
1280,12.01.2016,46,12,39,26,23,49
1281,14.01.2016,20,08,22,04,14,35
1282,17.01.2016,47,29,31,07,24,16
1283,19.01.2016,38,27,46,15,08,49
1284,21.01.2016,29,17,47,03,07,26
1285,24.01.2016,28,05,46,22,27,49
1286,26.01.2016,10,02,42,45,15,11
1287,28.01.2016,39,32,04,12,18,10
1288,31.01.2016,44,36,20,49,24,47
1289,02.02.2016,21,29,22,11,41,38
1290,04.02.2016,19,28,26,39,45,08
1291,07.02.2016,07,09,06,04,13,36
1292,09.02.2016,14,11,02,26,34,36
1293,11.02.2016,31,27,19,20,11,28
1294,14.02.2016,38,31,49,02,08,10
1295,16.02.2016,03,19,33,39,29,26
1296,18.02.2016,01,36,08,27,19,03
1297,21.02.2016,38,22,44,34,36,45
1298,23.02.2016,32,28,48,25,16,38
1299,25.02.2016,33,48,47,28,26,41
1300,28.02.2016,01,31,40,30,42,33
1301,01.03.2016,09,21,30,42,38,34
1302,03.03.2016,31,37,36,09,24,30
1303,06.03.2016,13,33,01,03,18,32
1304,08.03.2016,16,31,30,46,25,04
1305,10.03.2016,08,17,23,13,34,35
1306,13.03.2016,34,06,18,38,04,30
1307,15.03.2016,20,03,15,13,06,12
1308,17.03.2016,47,05,06,46,09,15
1309,20.03.2016,10,16,40,17,03,09
1310,22.03.2016,42,20,27,31,04,28
1311,29.03.2016,05,49,14,27,34,19
1312,31.03.2016,22,09,08,31,02,44
1313,03.04.2016,32,02,28,40,37,27
1314,05.04.2016,49,04,20,46,40,30
1315,07.04.2016,25,10,13,15,20,37
1316,10.04.2016,15,02,23,17,42,30
1317,12.04.2016,37,33,04,31,07,30
1318,14.04.2016,31,13,45,20,41,46
1319,17.04.2016,22,36,47,06,37,04
1320,19.04.2016,05,24,12,14,43,20
1321,21.04.2016,34,29,41,49,32,05
1322,24.04.2016,25,38,48,29,24,35
1323,26.04.2016,31,42,05,34,11,14
1324,28.04.2016,17,19,14,47,46,16
1325,01.05.2016,30,29,03,27,17,04
1326,03.05.2016,32,03,31,09,30,16
1327,05.05.2016,41,47,24,20,29,12
1328,08.05.2016,06,23,12,44,05,24
1329,10.05.2016,35,03,04,49,13,19
1330,12.05.2016,21,12,25,33,32,18
1331,15.05.2016,40,01,20,36,35,29
1332,17.05.2016,48,19,08,29,33,44
1333,19.05.2016,25,06,38,13,29,18
1334,22.05.2016,08,45,35,32,34,47
1335,24.05.2016,24,21,44,20,17,13
1336,26.05.2016,39,01,38,11,22,10
1337,29.05.2016,06,16,36,12,30,28
1338,31.05.2016,20,03,48,30,26,38
1339,02.06.2016,21,30,04,25,22,37
1340,05.06.2016,40,05,03,41,17,25
1341,07.06.2016,46,14,06,37,11,15
1342,09.06.2016,19,36,14,09,16,49
1343,12.06.2016,40,46,38,17,43,12
1344,14.06.2016,07,09,45,14,41,35
1345,16.06.2016,25,30,23,21,47,06
1346,19.06.2016,11,09,25,23,31,18
1347,21.06.2016,19,43,32,45,24,03
1348,23.06.2016,41,48,06,40,03,10
1349,26.06.2016,34,13,05,15,20,26
1350,28.06.2016,06,34,35,25,18,29
1351,30.06.2016,01,05,40,09,43,36
1352,03.07.2016,46,45,18,15,42,26
1353,05.07.2016,32,15,39,04,40,29
1354,07.07.2016,11,32,19,48,34,14
1355,10.07.2016,18,35,44,42,09,38
1356,12.07.2016,01,25,38,03,49,21
1357,14.07.2016,26,42,35,47,33,07
1358,17.07.2016,40,16,22,27,13,49
1359,19.07.2016,08,11,04,35,39,17
1360,21.07.2016,48,41,24,37,31,46
1361,24.07.2016,32,21,40,05,24,08
1362,26.07.2016,11,02,46,22,12,09
1363,28.07.2016,48,23,42,43,32,22
1364,31.07.2016,16,09,35,28,13,01
1365,02.08.2016,02,47,27,01,22,17
1366,04.08.2016,30,16,25,43,09,31
1367,07.08.2016,33,18,32,38,01,26
1368,09.08.2016,24,04,48,07,15,23
1369,11.08.2016,17,25,21,36,41,16
1370,14.08.2016,40,07,45,23,01,28
1371,16.08.2016,14,11,29,22,05,09
1372,18.08.2016,18,12,40,36,43,20
1373,21.08.2016,13,06,40,41,05,16
1374,23.08.2016,02,01,24,07,38,03
1375,25.08.2016,48,21,47,34,43,49
1376,28.08.2016,36,48,04,11,44,47
1377,30.08.2016,47,27,03,37,12,16
1378,01.09.2016,23,40,25,05,21,04
1379,04.09.2016,04,17,01,22,45,27
1380,06.09.2016,13,10,31,45,16,01
1381,08.09.2016,47,28,05,18,42,02
1382,11.09.2016,38,03,30,04,09,49
1383,13.09.2016,38,25,46,32,29,41
1384,15.09.2016,31,21,02,25,15,19
1385,18.09.2016,22,06,37,05,23,45
1386,20.09.2016,13,08,07,46,31,43
1387,22.09.2016,15,12,39,47,32,11
1388,25.09.2016,26,09,25,28,39,03
1389,27.09.2016,34,06,18,14,13,29
1390,29.09.2016,38,19,40,34,43,17
1391,02.10.2016,04,21,26,40,42,18
1392,04.10.2016,29,37,36,19,21,39
1393,06.10.2016,04,10,31,06,33,02
1394,09.10.2016,01,30,18,49,32,34
1395,11.10.2016,41,17,49,46,43,19
1396,13.10.2016,43,30,36,40,14,45
1397,16.10.2016,47,25,34,03,01,45
1398,18.10.2016,25,37,34,13,43,02
1399,20.10.2016,30,24,45,18,28,41
1400,23.10.2016,41,36,03,28,13,47
1401,25.10.2016,15,11,24,37,14,41
1402,27.10.2016,42,37,33,11,13,03
1403,30.10.2016,07,08,35,16,33,36
1404,01.11.2016,35,33,24,46,10,03
1405,03.11.2016,46,30,33,20,37,48
1406,06.11.2016,11,24,21,28,07,14
1407,08.11.2016,29,21,20,39,14,10
1408,10.11.2016,42,08,15,41,20,24
1409,13.11.2016,23,25,21,08,24,15
1410,15.11.2016,41,16,19,27,39,38
1411,17.11.2016,33,06,19,12,39,23
1412,20.11.2016,49,47,13,11,42,43
1413,22.11.2016,48,44,41,23,34,12
1414,24.11.2016,22,34,19,18,47,05
1415,27.11.2016,19,27,06,44,01,39
1416,29.11.2016,38,22,41,04,12,34
1417,01.12.2016,32,24,35,03,49,25
1418,04.12.2016,31,46,29,40,27,14
1419,06.12.2016,37,45,19,09,11,03
1420,08.12.2016,28,03,46,49,07,05
1421,11.12.2016,42,44,26,04,25,31
1422,13.12.2016,20,23,14,22,21,16
1423,15.12.2016,33,37,18,27,29,39
1424,18.12.2016,32,33,12,10,35,22
1425,20.12.2016,04,37,32,27,25,46
1426,22.12.2016,05,07,02,01,37,48
1427,27.12.2016,43,41,25,20,44,48
1428,29.12.2016,46,02,16,43,48,04
1429,03.01.2017,21,42,35,36,25,15
1430,05.01.2017,46,44,20,33,01,03
1431,08.01.2017,27,36,28,42,23,03
1432,10.01.2017,22,42,28,37,36,07
1433,12.01.2017,33,46,28,24,39,07
1434,15.01.2017,16,23,43,47,31,21
1435,17.01.2017,29,45,08,39,25,44
1436,19.01.2017,22,32,09,36,08,20
1437,22.01.2017,37,28,34,33,09,11
1438,24.01.2017,10,29,02,27,16,05
1439,26.01.2017,35,26,39,23,40,02
1440,29.01.2017,19,05,44,04,32,20
1441,31.01.2017,17,05,28,18,47,06
1442,02.02.2017,01,48,26,47,44,22
1443,05.02.2017,03,10,13,25,19,15
1444,07.02.2017,08,10,06,23,36,13
1445,09.02.2017,24,44,26,46,29,08
1446,12.02.2017,03,42,48,41,17,16
1447,14.02.2017,27,48,46,16,45,34
1448,16.02.2017,04,39,42,16,46,03
1449,19.02.2017,13,20,32,24,21,43
1450,21.02.2017,02,25,36,47,41,31
1451,23.02.2017,36,04,01,29,15,45
1452,26.02.2017,25,48,18,35,49,36
1453,28.02.2017,48,30,36,29,03,08
1454,02.03.2017,14,27,32,45,03,30
1455,05.03.2017,02,40,24,30,17,15
1456,07.03.2017,22,37,47,16,24,40
1457,09.03.2017,05,38,07,32,08,23
1458,12.03.2017,21,08,02,33,35,25
1459,14.03.2017,26,45,02,46,30,08
1460,16.03.2017,38,49,34,02,45,39
1461,19.03.2017,16,33,29,30,38,28
1462,21.03.2017,36,16,03,08,41,33
1463,23.03.2017,09,39,01,26,20,34
1464,26.03.2017,18,16,09,48,06,35
1465,28.03.2017,41,36,10,09,49,37
1466,30.03.2017,34,45,39,05,04,41
1467,02.04.2017,24,18,44,19,16,43
1468,04.04.2017,20,21,26,06,04,25
1469,06.04.2017,24,38,40,39,10,34
1470,09.04.2017,18,16,03,32,10,23
1471,11.04.2017,14,34,22,09,39,03
1472,18.04.2017,39,27,04,08,11,46
1473,20.04.2017,17,23,47,26,02,39
1474,23.04.2017,07,08,29,40,48,25
1475,25.04.2017,02,08,26,24,36,37
1476,27.04.2017,15,23,48,36,01,14
1477,30.04.2017,27,17,09,39,41,25
1478,02.05.2017,08,13,41,43,05,46
1479,04.05.2017,29,30,47,07,09,27
1480,07.05.2017,38,16,33,29,27,25
1481,09.05.2017,08,03,27,17,45,20
1482,11.05.2017,39,36,13,01,10,21
1483,14.05.2017,05,43,34,02,33,26
1484,16.05.2017,20,11,33,14,47,38
1485,18.05.2017,09,14,06,27,32,44
1486,21.05.2017,18,10,31,27,35,20
1487,23.05.2017,21,26,15,29,33,31
1488,25.05.2017,33,07,38,32,49,09
1489,28.05.2017,26,41,28,07,45,19
1490,30.05.2017,26,22,42,40,45,39
1491,01.06.2017,22,34,12,05,32,45
1492,04.06.2017,15,06,08,39,05,03
1493,06.06.2017,10,15,19,21,17,16
1494,08.06.2017,14,35,23,06,10,48
1495,11.06.2017,30,44,32,48,29,37
1496,13.06.2017,43,49,29,30,48,37
1497,15.06.2017,36,12,07,10,47,29
1498,18.06.2017,28,40,43,39,12,16
1499,20.06.2017,40,07,21,45,32,46
1500,22.06.2017,28,04,11,37,19,47
1501,25.06.2017,43,27,09,08,30,45
1502,27.06.2017,27,37,42,38,22,03
1503,29.06.2017,34,28,29,16,09,03
1504,02.07.2017,46,13,45,37,17,26
1505,04.07.2017,35,15,13,37,25,47
1506,06.07.2017,09,29,45,17,14,26
1507,09.07.2017,11,17,16,04,10,29
1508,11.07.2017,41,45,11,03,28,23
1509,13.07.2017,23,30,22,03,41,19
1510,16.07.2017,45,10,25,03,37,13
1511,18.07.2017,25,30,01,42,28,06
1512,20.07.2017,29,23,12,31,22,13
1513,23.07.2017,14,18,34,26,24,28
1514,25.07.2017,31,18,21,01,34,28
1515,27.07.2017,14,26,47,44,31,30
1516,30.07.2017,36,12,32,23,28,40
1517,01.08.2017,05,03,32,24,26,36
1518,03.08.2017,36,10,24,46,35,42
1519,06.08.2017,26,44,18,37,28,21
1520,08.08.2017,25,38,07,48,27,46
1521,10.08.2017,05,46,12,23,47,31
1522,13.08.2017,07,38,42,29,48,02
1523,15.08.2017,21,46,47,08,43,11
1524,17.08.2017,28,39,19,16,01,12
1525,20.08.2017,13,36,07,19,06,01
1526,22.08.2017,21,30,03,18,06,11
1527,24.08.2017,11,15,17,38,44,09
1528,27.08.2017,08,19,40,28,39,41
1529,29.08.2017,43,17,30,32,10,47
1530,31.08.2017,18,42,16,26,41,40
1531,03.09.2017,44,03,38,07,43,36
1532,05.09.2017,36,15,11,03,26,46
1533,07.09.2017,01,33,38,48,02,04
1534,10.09.2017,29,25,19,23,07,30
1535,12.09.2017,18,12,04,41,17,34
1536,14.09.2017,04,27,36,19,06,39
1537,17.09.2017,35,30,02,36,04,20
1538,19.09.2017,21,39,04,10,31,11
1539,21.09.2017,25,30,47,01,43,14
1540,24.09.2017,12,35,17,07,14,34
1541,26.09.2017,47,25,09,38,03,05
1542,28.09.2017,32,21,15,43,09,41
1543,01.10.2017,32,13,19,08,27,40
1544,03.10.2017,11,35,16,45,33,41
1545,05.10.2017,26,11,46,09,14,07
1546,08.10.2017,06,01,04,17,19,31
1547,10.10.2017,31,36,17,47,34,10
1548,12.10.2017,41,32,17,31,12,19
1549,15.10.2017,16,26,49,44,03,12
1550,17.10.2017,30,18,41,24,48,42
1551,19.10.2017,22,15,01,28,11,06
1552,22.10.2017,14,29,16,10,31,42
1553,24.10.2017,42,01,17,05,34,45
1554,26.10.2017,36,16,35,48,11,03
1555,29.10.2017,32,22,16,36,10,27
1556,31.10.2017,24,26,21,17,48,43
1557,02.11.2017,34,36,49,33,48,05
1558,05.11.2017,11,45,27,17,47,14
1559,07.11.2017,38,32,14,24,25,23
1560,09.11.2017,08,31,29,01,10,16
1561,12.11.2017,09,40,08,42,25,07
1562,14.11.2017,36,05,30,04,21,29
1563,16.11.2017,08,20,43,07,09,45
1564,19.11.2017,37,19,01,40,32,06
1565,21.11.2017,23,16,45,19,27,05
1566,23.11.2017,04,28,09,11,17,13
1567,26.11.2017,34,19,42,12,35,28
1568,28.11.2017,45,24,01,14,38,30
1569,30.11.2017,28,03,23,32,29,02
1570,03.12.2017,11,28,14,38,16,02
1571,05.12.2017,19,21,23,17,25,37
1572,07.12.2017,37,28,45,22,23,09
1573,10.12.2017,42,04,20,30,05,03
1574,12.12.2017,47,28,48,13,04,31
1575,14.12.2017,37,33,35,06,08,28
1576,17.12.2017,28,32,37,26,36,35
1577,19.12.2017,32,03,49,23,44,07
1578,21.12.2017,02,43,16,32,05,44
1579,24.12.2017,05,35,31,21,10,04
1580,26.12.2017,32,46,45,04,24,25
1581,28.12.2017,44,36,18,19,21,30
1582,31.12.2017,14,05,19,02,33,37
1583,02.01.2018,36,29,48,16,04,32
1584,04.01.2018,01,41,35,10,16,13
1585,07.01.2018,16,24,04,31,33,42
1586,09.01.2018,04,01,36,22,49,40
1587,11.01.2018,47,41,26,32,48,38
1588,14.01.2018,23,39,41,01,40,38
1589,16.01.2018,25,33,47,18,08,16
1590,18.01.2018,26,07,36,25,43,03
1591,21.01.2018,09,22,12,41,42,38
1592,23.01.2018,30,17,24,23,06,02
1593,25.01.2018,18,44,34,21,19,11
1594,28.01.2018,34,45,19,12,01,14
1595,30.01.2018,44,14,26,13,15,16
1596,01.02.2018,41,18,25,07,44,27
1597,04.02.2018,35,14,25,01,02,03
1598,06.02.2018,09,19,45,04,26,15
1599,08.02.2018,14,04,27,31,18,08
1600,11.02.2018,19,15,10,26,46,44
1601,13.02.2018,27,46,48,01,22,29
1602,15.02.2018,03,31,41,02,08,11
1603,18.02.2018,32,19,43,40,25,29
1604,20.02.2018,35,26,06,29,48,32
1605,22.02.2018,12,17,49,02,35,13
1606,25.02.2018,39,45,09,08,36,44
1607,27.02.2018,28,42,23,01,44,36
1608,01.03.2018,21,04,07,48,24,09
1609,04.03.2018,21,43,11,09,10,45
1610,06.03.2018,12,29,28,33,10,08
1611,08.03.2018,35,22,33,30,34,38
1612,11.03.2018,37,08,42,19,10,09
1613,13.03.2018,12,43,41,42,02,30
1614,15.03.2018,09,20,44,47,45,01
1615,18.03.2018,32,38,28,43,15,16
1616,20.03.2018,10,06,34,43,30,28
1617,22.03.2018,30,47,18,09,39,41
1618,25.03.2018,44,24,37,27,48,09
1619,27.03.2018,15,38,37,36,07,49
1620,03.04.2018,18,04,16,22,08,05	
0621,05.04.2018,24,10,17,06,08,41
0622,08.04.2018,29,30,19,08,02,15
0623,10.04.2018,28,18,19,24,31,10
0624,12.04.2018,35,16,47,17,29,38
0625,15.04.2018,30,37,33,18,08,25
0626,17.04.2018,28,40,44,30,45,14
0627,19.04.2018,07,09,47,21,31,15
0628,22.04.2018,38,27,13,29,22,31
0629,24.04.2018,25,29,34,28,11,44
0630,26.04.2018,04,21,03,19,30,06
0631,29.04.2018,41,39,44,19,04,48
0632,01.05.2018,49,19,33,36,18,26
0633,03.05.2018,07,20,02,01,16,28
0634,06.05.2018,14,07,16,10,30,40
0635,08.05.2018,48,29,07,06,30,42
0636,10.05.2018,39,49,27,12,17,24
0637,13.05.2018,19,42,08,23,14,21
0638,15.05.2018,17,23,05,33,36,22
0639,17.05.2018,23,31,28,48,49,17
0640,20.05.2018,03,19,40,23,45,07
0641,22.05.2018,10,46,33,11,47,29
0642,24.05.2018,26,34,21,16,31,23
0643,27.05.2018,35,49,41,28,33,40
0644,29.05.2018,45,15,31,39,35,10
0645,31.05.2018,24,12,19,10,42,38
0646,03.06.2018,23,19,27,30,41,03
0647,05.06.2018,05,01,25,36,39,13
0648,07.06.2018,44,09,36,03,08,33
0649,10.06.2018,22,30,29,48,08,12
0650,12.06.2018,03,17,23,43,09,32
0651,14.06.2018,48,46,23,49,27,16
0652,17.06.2018,19,06,20,34,08,13
0653,19.06.2018,45,08,44,29,17,32
0654,21.06.2018,07,11,18,29,19,02
0655,24.06.2018,09,16,02,10,49,21
0656,26.06.2018,03,04,35,21,22,33
0657,28.06.2018,11,12,25,22,32,29
0658,01.07.2018,04,02,07,49,34,18
0659,03.07.2018,31,07,46,17,27,12
0660,05.07.2018,47,41,01,49,30,04
0661,08.07.2018,10,44,21,19,24,34
0662,10.07.2018,28,11,06,17,10,25
0663,12.07.2018,29,12,15,19,44,47
0664,15.07.2018,43,35,25,14,22,37
0665,17.07.2018,04,14,23,09,42,13
0666,19.07.2018,31,27,03,18,42,02
0667,22.07.2018,01,41,13,30,10,17
0668,24.07.2018,07,25,46,21,33,05
0669,26.07.2018,39,26,32,43,06,35
0670,29.07.2018,48,45,42,06,13,49
0671,31.07.2018,12,32,33,36,49,06
0672,02.08.2018,19,24,17,15,36,35
0673,05.08.2018,31,17,48,45,05,24
0674,07.08.2018,40,32,21,04,38,39
0675,09.08.2018,31,48,32,43,09,17
0676,12.08.2018,23,12,13,01,30,39
0677,14.08.2018,45,10,03,14,47,01
0678,16.08.2018,47,30,03,06,04,18
0679,19.08.2018,37,06,38,01,16,47
0680,21.08.2018,29,17,09,19,28,04
0681,23.08.2018,03,05,08,02,32,10
0682,26.08.2018,43,30,42,11,28,47
0683,28.08.2018,34,23,33,41,29,32
0684,30.08.2018,12,25,30,02,34,24
0685,02.09.2018,22,44,45,23,48,46
0686,04.09.2018,19,01,38,39,44,43
0687,06.09.2018,14,12,48,45,43,28
0688,09.09.2018,23,08,21,05,27,47
0689,11.09.2018,05,07,28,49,40,19
0690,13.09.2018,06,24,48,37,29,22
0691,16.09.2018,33,18,45,12,10,04
0692,18.09.2018,16,20,15,43,07,17
0693,20.09.2018,23,14,40,32,17,31
0694,23.09.2018,18,43,32,21,30,31
0695,25.09.2018,07,12,05,18,46,44
0696,27.09.2018,36,01,04,26,18,21
0697,30.09.2018,25,13,02,39,48,33
0698,02.10.2018,14,20,15,21,36,05
0699,04.10.2018,36,30,01,09,06,22
0700,07.10.2018,13,22,24,30,49,14
0701,09.10.2018,19,32,40,21,05,43
0702,11.10.2018,18,10,15,03,19,46
0703,14.10.2018,34,06,11,49,03,45
0704,16.10.2018,20,48,21,36,33,09
0705,18.10.2018,48,07,02,24,08,30
0706,21.10.2018,47,45,32,08,03,11
0707,23.10.2018,13,18,15,25,20,49
0708,25.10.2018,28,03,02,34,19,31
0709,28.10.2018,36,24,22,35,10,02
0710,30.10.2018,09,42,19,15,25,48
0711,01.11.2018,28,34,39,23,40,11
0712,04.11.2018,17,07,47,32,30,38
0713,06.11.2018,44,21,47,34,06,40
0714,08.11.2018,46,25,40,05,12,24
0715,11.11.2018,01,21,24,49,44,17
0716,13.11.2018,41,29,10,45,36,33
0717,15.11.2018,28,21,35,23,13,38
0718,18.11.2018,04,27,32,01,20,43
0719,20.11.2018,26,24,15,14,18,13
0720,22.11.2018,42,18,14,06,38,22
0721,25.11.2018,23,28,14,30,32,16
0722,27.11.2018,30,01,15,17,27,47
0723,29.11.2018,30,01,36,21,13,38
0724,02.12.2018,36,15,29,21,17,42
0725,04.12.2018,27,19,45,24,41,29
0726,06.12.2018,44,01,45,25,19,42
0727,09.12.2018,05,07,36,44,12,17
0728,11.12.2018,15,34,43,07,47,27
0729,13.12.2018,31,42,22,39,33,36
0730,16.12.2018,25,26,21,28,12,22
0731,18.12.2018,06,48,35,11,15,47
0732,20.12.2018,17,29,43,44,08,28
0733,23.12.2018,35,25,48,24,38,39
0734,27.12.2018,13,05,09,24,07,29
0735,30.12.2018,10,05,03,01,30,24
0736,03.01.2019,03,25,34,28,40,35
0737,06.01.2019,06,41,23,12,08,28
0738,08.01.2019,04,21,32,48,16,22
0739,10.01.2019,44,30,33,46,22,10
0740,13.01.2019,09,49,28,21,41,34
0741,15.01.2019,41,20,05,47,32,39
0742,17.01.2019,14,44,34,41,12,03
0743,20.01.2019,42,08,14,24,29,13
0744,22.01.2019,38,06,37,30,39,07
0745,24.01.2019,15,27,17,39,38,34
0746,27.01.2019,11,41,03,20,47,22
0747,29.01.2019,11,34,30,10,07,21
0748,31.01.2019,33,12,01,32,19,31
0749,03.02.2019,17,24,23,21,10,14
0750,05.02.2019,02,03,47,31,27,20
0751,07.02.2019,36,43,11,42,12,28
0752,10.02.2019,23,18,03,27,12,32
0753,12.02.2019,34,46,49,38,39,31
0754,14.02.2019,38,43,47,09,36,12
0755,17.02.2019,32,15,23,12,07,40
0756,19.02.2019,49,30,29,33,10,16
0757,21.02.2019,44,41,43,18,49,35
0758,24.02.2019,40,36,44,14,19,48
0759,26.02.2019,43,08,39,17,18,45
0760,28.02.2019,47,39,40,06,11,45
0761,03.03.2019,45,21,14,10,46,33
0762,05.03.2019,44,23,03,28,30,19
0763,07.03.2019,34,14,01,15,45,30
0764,10.03.2019,42,21,38,40,11,03
0765,12.03.2019,04,31,20,21,45,41
0766,14.03.2019,15,42,29,13,48,37
0767,17.03.2019,49,01,27,04,44,28
0768,19.03.2019,10,19,03,25,23,36
0769,21.03.2019,41,16,07,20,33,23
0770,24.03.2019,04,03,45,08,49,11
0771,26.03.2019,12,45,35,43,44,33
0772,28.03.2019,44,11,27,17,19,13
0773,31.03.2019,21,41,10,37,44,27
0774,02.04.2019,22,20,01,03,28,44
0775,04.04.2019,02,14,03,44,26,24
0776,07.04.2019,22,11,04,39,29,27
0777,09.04.2019,14,48,19,06,05,31
0778,11.04.2019,14,16,28,17,23,37
0779,14.04.2019,07,22,25,11,06,42
0780,16.04.2019,17,41,26,19,37,47
0781,23.04.2019,17,11,23,40,36,03
0782,25.04.2019,06,17,24,21,46,45
0783,28.04.2019,48,27,49,26,02,17
0784,30.04.2019,13,41,35,25,04,29
0785,02.05.2019,07,28,15,39,34,01
0786,05.05.2019,24,42,26,02,49,03
0787,07.05.2019,28,12,47,05,03,02
0788,09.05.2019,23,26,34,41,04,43
0789,12.05.2019,25,31,07,28,18,27
0790,14.05.2019,33,21,35,04,19,15
0791,16.05.2019,42,33,08,49,41,31
0792,19.05.2019,46,12,37,41,29,13
0793,21.05.2019,28,15,23,44,05,46
0794,23.05.2019,40,42,05,37,09,36
0795,26.05.2019,14,01,04,05,10,40
0796,28.05.2019,10,36,47,43,42,34
0797,30.05.2019,13,42,33,45,21,46
0798,02.06.2019,09,46,28,45,01,16
0799,04.06.2019,45,13,12,15,25,03
0800,06.06.2019,19,16,36,08,38,12
0801,09.06.2019,33,19,10,30,40,39
0802,11.06.2019,15,01,30,10,09,48
0803,13.06.2019,32,04,05,29,47,06
0804,16.06.2019,43,42,44,49,34,03
0805,18.06.2019,09,37,44,30,12,48
0806,20.06.2019,11,31,26,29,48,02
0807,23.06.2019,38,04,32,39,30,31
0808,25.06.2019,47,21,35,48,17,29
0809,27.06.2019,07,35,24,04,20,19
0810,30.06.2019,17,20,33,29,39,19
0811,02.07.2019,28,24,26,18,22,19
0812,04.07.2019,32,01,18,26,31,30
0813,07.07.2019,37,09,38,17,11,33
0814,09.07.2019,26,42,22,17,33,36
0815,11.07.2019,48,24,02,04,40,41
0816,14.07.2019,37,02,31,03,42,34
0817,16.07.2019,01,25,03,18,19,16
0818,18.07.2019,20,26,21,35,11,45
0819,21.07.2019,36,33,49,20,31,47
0820,23.07.2019,32,06,33,17,42,29
0821,25.07.2019,47,25,30,07,34,24
0822,28.07.2019,24,03,32,48,19,13
0823,30.07.2019,12,39,33,43,17,23
0824,01.08.2019,40,30,38,27,49,39
0825,04.08.2019,19,18,17,43,32,02
0826,06.08.2019,02,42,28,06,37,01
0827,08.08.2019,39,37,24,04,27,05
0828,11.08.2019,34,23,44,48,36,06
0829,13.08.2019,39,25,17,38,01,30
0830,15.08.2019,13,25,26,33,34,40
0831,18.08.2019,29,33,12,20,24,37
0832,20.08.2019,15,44,21,09,13,30
0833,22.08.2019,14,02,37,34,04,44
0834,25.08.2019,13,32,35,10,21,08
0835,27.08.2019,34,04,06,43,19,47
0836,29.08.2019,07,24,14,18,17,27
0837,01.09.2019,41,44,03,29,37,43
0838,03.09.2019,31,08,27,29,39,43
0839,05.09.2019,44,04,30,08,10,41
0840,08.09.2019,19,10,24,25,13,33
0841,10.09.2019,23,46,29,12,14,09
0842,12.09.2019,26,13,47,07,21,20
0843,15.09.2019,14,05,15,38,41,46
0844,17.09.2019,40,23,11,17,13,30
0845,19.09.2019,37,27,38,18,31,25
0846,22.09.2019,08,21,31,38,19,29
0847,24.09.2019,13,48,12,29,22,02
0848,26.09.2019,02,35,45,17,31,18
0849,29.09.2019,02,27,31,14,41,13
0850,01.10.2019,28,40,39,37,32,09
0851,03.10.2019,03,11,20,37,01,25
0852,06.10.2019,17,37,15,18,30,11
0853,08.10.2019,29,11,35,08,33,25
0854,10.10.2019,19,05,40,18,01,20
0855,13.10.2019,40,19,18,28,20,01
0856,15.10.2019,27,40,35,10,42,05
0857,17.10.2019,09,14,46,01,36,42
0858,20.10.2019,37,40,30,11,14,28
0859,22.10.2019,30,29,41,08,40,38
0860,24.10.2019,41,37,03,12,46,27
0861,27.10.2019,09,25,37,38,10,32
0862,29.10.2019,07,05,19,39,46,21
0863,31.10.2019,34,21,03,17,38,44
0864,03.11.2019,17,33,40,12,04,41
0865,05.11.2019,33,21,35,28,38,07
0866,07.11.2019,16,11,13,17,24,04
0867,10.11.2019,47,10,11,29,27,16
0868,12.11.2019,16,39,07,18,19,03
0869,14.11.2019,36,27,16,24,38,28
0870,17.11.2019,38,31,36,19,11,25
0871,19.11.2019,44,41,08,06,12,18
0872,21.11.2019,18,42,20,30,23,38
0873,24.11.2019,25,27,07,48,34,22
0874,26.11.2019,30,21,01,16,19,41
0875,28.11.2019,36,18,38,47,21,26
0876,01.12.2019,35,38,09,17,10,15
0877,03.12.2019,28,10,30,07,37,44
0878,05.12.2019,15,05,33,42,25,22
0879,08.12.2019,29,35,18,01,33,39
0880,10.12.2019,10,23,38,33,26,13
0881,12.12.2019,47,04,02,31,29,07
0882,15.12.2019,26,41,07,34,39,02
0883,17.12.2019,30,39,34,20,46,33
0884,19.12.2019,08,40,41,11,28,09
0885,22.12.2019,48,17,09,27,41,19
0886,24.12.2019,01,49,44,24,12,05
0887,26.12.2019,30,28,21,02,36,40
0888,29.12.2019,24,22,05,11,42,08
0889,31.12.2019,29,39,07,21,02,42
0890,02.01.2020,25,35,16,40,13,03
0891,05.01.2020,01,22,16,47,09,36
0892,07.01.2020,32,12,03,43,31,47
0893,09.01.2020,23,29,49,39,26,09
0894,12.01.2020,34,10,38,26,43,08
0895,14.01.2020,06,34,25,20,05,18
0896,16.01.2020,42,32,35,33,28,44
0897,19.01.2020,48,39,29,16,46,43
0898,21.01.2020,22,45,46,21,40,01
0899,23.01.2020,30,17,15,29,19,49
0900,26.01.2020,35,14,26,08,10,27
0901,28.01.2020,37,11,48,02,24,21
0902,30.01.2020,20,32,48,02,38,11
0903,02.02.2020,01,39,16,08,02,38
0904,04.02.2020,32,28,43,26,16,27
0905,06.02.2020,28,16,01,24,12,42
0906,09.02.2020,22,23,05,15,31,03
0907,11.02.2020,48,04,36,46,18,03
0908,13.02.2020,18,03,15,35,29,45
0909,16.02.2020,31,46,41,20,23,32
0910,18.02.2020,06,24,38,18,17,01
0911,20.02.2020,04,21,20,16,25,18
0912,23.02.2020,29,07,03,25,46,10
0913,25.02.2020,42,09,06,46,03,23
0914,27.02.2020,30,07,48,33,06,01
0915,01.03.2020,30,40,06,16,20,01
0916,03.03.2020,34,47,41,02,19,17
0917,05.03.2020,31,37,26,44,43,14
0918,08.03.2020,01,04,33,27,05,24
0919,10.03.2020,22,27,48,17,36,34
0920,12.03.2020,30,48,31,24,18,37
0921,15.03.2020,13,42,16,47,19,18
0922,17.03.2020,29,05,33,37,26,35
0923,19.03.2020,01,39,45,04,47,44
0924,22.03.2020,46,40,45,28,02,14
0925,24.03.2020,16,32,47,27,09,05
0926,26.03.2020,29,16,24,44,48,09
0927,29.03.2020,35,16,47,02,03,10
0928,09.08.2020,46,30,26,11,34,35
0929,11.08.2020,33,09,12,34,10,08
0930,13.08.2020,03,07,22,33,24,36
0931,16.08.2020,32,23,37,04,05,15
0932,18.08.2020,18,09,03,04,30,44
0933,20.08.2020,35,01,28,37,23,14
0934,23.08.2020,44,01,21,38,09,16
0935,25.08.2020,09,46,39,40,22,29
0936,27.08.2020,41,01,26,33,46,30
0937,30.08.2020,45,21,25,47,30,31
0938,01.09.2020,39,11,25,14,10,29
0939,03.09.2020,27,18,42,15,34,46
0940,06.09.2020,08,36,37,41,39,23
0941,08.09.2020,31,10,23,24,04,17
0942,10.09.2020,21,15,34,04,35,44
0943,13.09.2020,38,33,06,01,41,47
0944,15.09.2020,45,12,10,30,49,37
0945,17.09.2020,28,21,24,29,17,30
0946,20.09.2020,41,33,15,45,34,02
0947,22.09.2020,05,30,42,36,02,23
0948,24.09.2020,08,39,25,35,05,49
0949,27.09.2020,31,34,09,39,49,38
0950,29.09.2020,29,16,38,32,11,13
0951,01.10.2020,47,07,32,13,40,23
0952,04.10.2020,32,12,34,49,29,19
0953,06.10.2020,13,39,07,46,04,02
0954,08.10.2020,09,06,43,04,28,40
0955,11.10.2020,34,24,45,09,29,08
0956,13.10.2020,18,11,23,24,38,26
0957,15.10.2020,20,07,44,03,05,17
0958,18.10.2020,18,23,43,26,21,29
0959,20.10.2020,41,11,40,07,01,20
0960,22.10.2020,27,33,23,02,14,48
0961,25.10.2020,06,02,01,16,31,11
0962,27.10.2020,32,19,21,09,02,13
0963,29.10.2020,01,30,03,21,09,29
0964,01.11.2020,28,13,16,48,24,01
0965,03.11.2020,26,21,07,42,33,22
0966,05.11.2020,13,11,18,44,32,14
0967,08.11.2020,04,44,41,05,11,14
0968,10.11.2020,45,02,21,24,08,18
0969,12.11.2020,47,37,10,39,32,07
0970,15.11.2020,02,43,15,07,06,14
0971,17.11.2020,08,44,07,26,03,45
0972,19.11.2020,46,28,49,25,36,16
0973,22.11.2020,39,15,37,03,35,28
0974,24.11.2020,26,27,23,03,06,49
0975,26.11.2020,35,20,48,05,41,36
0976,29.11.2020,05,42,09,19,02,33
0977,01.12.2020,48,23,15,31,20,43
0978,03.12.2020,31,30,37,08,27,22
0979,06.12.2020,06,12,18,20,32,41
0980,08.12.2020,48,29,47,35,49,28
0981,10.12.2020,08,07,38,42,46,26
0982,13.12.2020,18,19,24,32,15,46
0983,15.12.2020,49,02,48,08,36,33
0984,17.12.2020,20,09,44,46,28,40
0985,20.12.2020,24,03,49,08,28,05
0986,22.12.2020,24,07,20,27,35,09
0987,24.12.2020,10,27,15,34,07,20
0988,27.12.2020,23,19,16,38,09,08
0989,29.12.2020,37,45,25,14,44,26
0990,31.12.2020,11,32,04,29,22,02
0991,03.01.2021,33,24,49,11,29,01
0992,05.01.2021,30,31,10,13,11,14
0993,07.01.2021,16,40,37,23,20,26
0994,10.01.2021,10,44,33,28,42,04
0995,12.01.2021,26,43,42,05,29,41
0996,14.01.2021,16,47,14,44,35,21
0997,17.01.2021,35,42,33,05,20,22
0998,19.01.2021,07,15,01,38,26,41
0999,21.01.2021,15,39,19,03,46,26
1000,24.01.2021,33,16,28,13,38,49
1001,26.01.2021,10,31,37,08,47,21
1002,28.01.2021,47,42,29,17,11,32
1003,31.01.2021,22,09,30,48,01,14
1004,02.02.2021,36,05,26,44,42,46
1005,04.02.2021,48,12,29,37,47,34
1006,07.02.2021,21,04,10,31,47,49
1007,09.02.2021,47,16,12,07,24,22
1008,11.02.2021,36,03,27,17,33,05
1009,14.02.2021,29,47,36,39,35,30
1010,16.02.2021,15,01,09,44,46,41
1011,18.02.2021,13,28,07,31,34,24
1012,21.02.2021,43,10,14,17,32,44
1013,23.02.2021,49,11,09,17,27,14
1014,25.02.2021,02,38,12,45,43,28
1015,28.02.2021,22,08,12,39,18,07
1016,02.03.2021,32,28,23,15,13,05
1017,04.03.2021,45,47,32,04,39,42
1018,07.03.2021,06,17,09,36,16,13
1019,09.03.2021,20,04,12,38,13,23
1020,11.03.2021,03,21,48,29,37,08
1021,14.03.2021,49,46,25,42,39,37
1022,16.03.2021,31,48,28,24,46,19
1023,18.03.2021,34,32,08,23,33,10
1024,21.03.2021,25,13,14,02,04,09
1025,23.03.2021,34,13,42,06,24,26
1026,25.03.2021,03,12,34,39,19,36
1027,28.03.2021,43,27,44,21,22,03
1028,30.03.2021,47,06,36,09,07,39
1029,06.04.2021,23,35,36,13,42,05
1030,08.04.2021,07,02,33,31,21,27
1031,11.04.2021,23,11,21,45,42,31
1032,13.04.2021,26,22,15,40,28,13
1033,15.04.2021,30,06,41,23,33,40
1034,18.04.2021,22,31,36,25,14,03
1035,20.04.2021,25,32,41,21,35,33
1036,22.04.2021,12,05,30,10,28,27
1037,25.04.2021,04,29,01,28,48,02
1038,27.04.2021,37,29,01,41,30,47
1039,29.04.2021,44,23,42,41,14,25
1040,02.05.2021,03,17,26,09,18,19
1041,04.05.2021,29,03,34,16,12,46
1042,06.05.2021,46,27,10,18,09,19
1043,09.05.2021,05,02,26,44,27,21
1044,11.05.2021,39,41,13,14,30,37
1045,13.05.2021,26,19,14,31,18,02
1046,16.05.2021,25,24,37,16,13,30
1047,18.05.2021,21,06,03,49,01,45
1048,20.05.2021,35,22,04,38,46,34
1049,23.05.2021,22,15,37,02,19,33
1050,25.05.2021,31,42,32,35,08,30
1051,27.05.2021,47,13,12,48,15,03
1052,30.05.2021,41,34,46,30,42,06
1053,01.06.2021,18,45,43,07,01,36
1054,03.06.2021,03,30,26,43,33,28
1055,06.06.2021,04,30,06,33,31,14
1056,08.06.2021,27,13,17,43,04,24
1057,10.06.2021,29,23,06,48,34,12
1058,13.06.2021,38,37,16,12,40,30
1059,15.06.2021,05,20,02,06,08,16
1060,17.06.2021,31,34,27,32,29,11
1061,20.06.2021,16,43,45,15,04,47
1062,22.06.2021,10,37,09,04,20,49
1063,24.06.2021,36,22,40,23,38,03
1064,27.06.2021,37,32,47,29,02,14
1065,29.06.2021,29,08,37,40,06,23
1066,01.07.2021,10,20,32,40,08,11
1067,04.07.2021,46,19,34,41,13,16
1068,06.07.2021,23,26,40,14,41,29
1069,08.07.2021,44,27,12,43,25,37
1070,11.07.2021,47,25,09,23,11,14
1071,13.07.2021,25,36,10,43,16,21
1072,15.07.2021,07,38,31,02,32,35
1073,18.07.2021,05,39,21,10,48,04
1074,20.07.2021,14,31,06,23,04,09
1075,22.07.2021,43,30,12,18,08,37
1076,25.07.2021,33,40,39,18,15,32
1077,27.07.2021,23,30,33,38,21,02
1078,29.07.2021,02,10,12,13,47,06
1079,01.08.2021,39,28,18,34,36,32
1080,03.08.2021,33,34,21,25,28,45
1081,05.08.2021,12,22,25,26,11,04
1082,08.08.2021,42,25,37,12,35,46
1083,10.08.2021,47,34,33,22,32,41
1084,12.08.2021,17,49,28,45,13,07
1085,15.08.2021,26,24,07,12,01,09
1086,17.08.2021,07,27,40,17,31,35
1087,19.08.2021,45,04,22,46,43,05
1088,22.08.2021,14,39,18,06,27,11
1089,24.08.2021,48,40,24,41,26,28
1090,26.08.2021,10,25,35,09,46,27
1091,29.08.2021,09,24,26,19,39,46
1092,31.08.2021,43,42,14,41,26,45
1093,02.09.2021,13,04,17,11,43,29
1094,05.09.2021,17,43,41,20,46,32
1095,07.09.2021,49,20,14,33,31,47
1096,09.09.2021,17,35,22,05,42,24
1097,12.09.2021,23,26,20,27,10,15
1098,14.09.2021,33,14,43,20,11,19
1099,16.09.2021,22,30,46,47,18,48
1100,19.09.2021,45,23,40,08,26,47
1101,21.09.2021,37,22,43,09,29,38
1102,23.09.2021,37,17,41,38,20,28
1103,26.09.2021,43,33,05,12,35,03
1104,28.09.2021,08,02,45,18,41,44
1105,30.09.2021,20,26,46,29,21,39
1106,03.10.2021,22,14,34,26,23,05
1107,05.10.2021,43,47,02,12,48,34
1108,07.10.2021,27,33,20,15,25,21
1109,10.10.2021,43,35,30,10,09,46
1110,12.10.2021,10,36,20,44,03,31
1111,14.10.2021,43,08,48,18,49,47
1112,17.10.2021,15,38,37,25,07,43
1113,19.10.2021,43,32,39,31,34,13
1114,21.10.2021,26,09,33,42,36,24
1115,24.10.2021,18,12,08,27,44,03
1116,26.10.2021,01,19,30,42,16,26
1117,28.10.2021,10,36,09,06,40,07
1118,31.10.2021,18,02,32,17,48,14
1119,02.11.2021,01,26,10,17,32,15
1120,04.11.2021,05,03,10,17,43,49
1121,07.11.2021,45,19,24,20,44,26
1122,09.11.2021,21,41,19,01,08,38
1123,11.11.2021,16,46,38,12,15,35
1124,14.11.2021,23,30,38,21,47,44
1125,16.11.2021,04,16,05,12,13,42
1126,18.11.2021,01,27,33,25,26,08
1127,21.11.2021,08,22,48,13,16,38
1128,23.11.2021,30,13,49,45,37,46
1129,25.11.2021,45,27,01,20,39,16
1130,28.11.2021,09,33,47,27,48,13
1131,30.11.2021,19,15,48,46,40,36
1132,02.12.2021,01,07,29,16,17,12
1133,05.12.2021,08,26,48,22,27,19
1134,07.12.2021,33,40,05,46,13,38
1135,09.12.2021,12,03,21,29,31,43
1136,12.12.2021,28,45,36,02,16,14
1137,14.12.2021,05,20,04,44,16,18
1138,16.12.2021,09,16,47,43,17,10
1139,19.12.2021,04,35,12,48,18,49
1140,21.12.2021,11,34,03,22,16,04
1141,23.12.2021,18,11,22,14,43,30
1142,26.12.2021,31,39,35,03,05,25
1143,28.12.2021,19,27,33,13,45,44
1144,30.12.2021,37,02,34,01,24,23
1145,02.01.2022,24,31,43,28,30,42
1146,04.01.2022,22,39,27,14,40,20
1147,06.01.2022,26,16,22,08,06,27
1148,11.01.2022,38,49,09,02,35,31
1149,13.01.2022,03,47,07,41,13,28
1150,16.01.2022,02,05,04,31,01,46
1151,18.01.2022,46,47,07,21,03,36
1152,20.01.2022,16,18,31,23,39,29
1153,23.01.2022,04,06,46,38,12,33
1154,25.01.2022,36,40,26,03,23,10
1155,27.01.2022,36,14,39,24,31,12
1156,30.01.2022,47,38,08,34,30,06
1157,01.02.2022,41,12,39,44,26,16
1158,03.02.2022,09,23,19,44,24,14
1159,06.02.2022,36,29,35,16,03,17
1160,08.02.2022,12,15,40,48,32,17
1161,10.02.2022,15,32,05,29,37,38
1162,13.02.2022,39,44,45,10,07,43
1163,15.02.2022,13,38,08,29,33,34
1164,17.02.2022,24,36,29,04,43,34
1165,20.02.2022,43,14,11,19,01,39
1166,22.02.2022,36,08,49,47,39,24
1167,24.02.2022,03,16,46,40,27,42
1168,27.02.2022,09,35,39,41,36,40
1169,01.03.2022,40,22,37,01,34,08
1170,03.03.2022,13,24,12,47,20,09
1171,06.03.2022,30,22,17,41,13,12
1172,08.03.2022,11,44,15,17,07,38
1173,10.03.2022,28,49,21,41,34,33
1174,13.03.2022,40,32,23,25,04,01
1175,15.03.2022,21,28,17,08,32,49
1176,17.03.2022,13,44,03,11,09,33
1177,20.03.2022,09,04,06,17,12,02
1178,22.03.2022,34,39,35,42,37,26
1179,24.03.2022,30,49,12,14,32,22
1180,27.03.2022,34,10,35,20,49,27
1181,29.03.2022,31,10,37,25,35,18
1182,31.03.2022,17,49,09,46,43,26
1183,03.04.2022,49,48,17,02,47,37
1184,05.04.2022,24,25,12,19,22,28
1185,07.04.2022,01,02,26,24,30,38
1186,10.04.2022,18,23,03,26,11,35
1187,12.04.2022,16,18,47,08,07,17
1188,19.04.2022,41,46,38,06,15,21
1189,21.04.2022,36,07,48,27,20,26
1190,24.04.2022,32,02,38,30,29,41
1191,26.04.2022,27,15,17,13,29,28
1192,28.04.2022,07,31,46,02,06,03
1193,01.05.2022,35,04,29,38,31,30
1194,03.05.2022,24,48,36,34,01,27
1195,05.05.2022,18,45,29,39,42,27
1196,08.05.2022,18,24,04,26,47,36
1197,10.05.2022,44,05,17,48,13,43
1198,12.05.2022,43,35,49,17,30,15
1199,15.05.2022,07,47,28,37,18,23
1200,17.05.2022,25,10,13,15,24,11
1201,19.05.2022,19,42,48,43,39,23
1202,22.05.2022,33,22,09,44,08,27
1203,24.05.2022,22,32,02,38,25,33
1204,26.05.2022,17,44,21,49,35,20
1205,29.05.2022,45,34,13,40,44,38
1206,31.05.2022,33,19,41,46,36,12
1207,02.06.2022,22,21,48,47,06,09
1208,05.06.2022,16,32,35,12,02,06
1209,07.06.2022,46,07,40,42,48,10
1210,09.06.2022,07,23,17,37,05,46
1211,12.06.2022,41,31,20,19,46,26
1212,14.06.2022,23,16,27,22,07,19
1213,16.06.2022,08,17,35,28,09,34
1214,19.06.2022,16,40,23,18,10,09
1215,21.06.2022,24,32,20,49,41,45
1216,23.06.2022,36,07,14,21,20,42
1217,26.06.2022,37,12,36,20,26,44
1218,28.06.2022,23,37,09,11,17,34
1219,30.06.2022,15,46,25,39,12,45
1220,03.07.2022,21,23,30,07,18,43
1221,05.07.2022,10,39,36,14,33,30
1222,07.07.2022,36,09,25,42,08,16
1223,10.07.2022,12,09,38,17,02,28
1224,12.07.2022,42,32,23,13,15,12
1225,14.07.2022,11,34,10,31,42,05
1226,17.07.2022,29,44,35,39,46,34
1227,19.07.2022,34,08,44,42,06,39
1228,21.07.2022,43,03,17,14,36,08
1229,24.07.2022,06,45,49,31,18,26
1230,26.07.2022,26,06,05,02,39,23
1231,28.07.2022,23,03,02,43,30,07
1232,31.07.2022,13,05,46,14,03,04
1233,02.08.2022,28,45,09,12,21,19
1234,04.08.2022,44,29,17,34,02,12
1235,07.08.2022,15,32,09,13,01,31
1236,09.08.2022,08,32,20,38,13,18
1237,11.08.2022,35,39,21,33,01,26
1238,14.08.2022,03,20,49,45,43,06
1239,16.08.2022,08,43,21,48,34,02
1240,18.08.2022,45,18,38,49,21,28
1241,21.08.2022,06,28,33,01,27,08
1242,23.08.2022,15,18,16,25,13,39
1243,25.08.2022,28,04,19,32,34,03
1244,28.08.2022,47,45,24,01,18,13
1245,30.08.2022,10,13,19,14,34,31
1246,01.09.2022,37,49,35,17,46,11
1247,04.09.2022,10,29,07,37,41,30
1248,06.09.2022,41,42,18,31,17,10
1249,08.09.2022,18,48,36,21,37,29
1250,11.09.2022,09,42,16,47,13,05
1251,13.09.2022,24,20,26,12,11,38
1252,15.09.2022,32,26,47,38,48,04
1253,18.09.2022,39,16,45,14,21,08
1254,20.09.2022,24,46,41,45,37,38
1255,22.09.2022,45,36,28,35,11,41
1256,25.09.2022,12,11,14,03,44,27
1257,27.09.2022,31,33,37,48,23,35
1258,29.09.2022,11,40,41,25,33,43
1259,02.10.2022,15,19,02,33,47,08
1260,04.10.2022,11,07,36,34,41,32
1261,06.10.2022,20,02,41,17,22,04
1262,09.10.2022,40,03,16,01,35,15
1263,11.10.2022,46,19,08,14,43,23
1264,13.10.2022,24,48,37,16,01,42
1265,16.10.2022,20,39,44,31,48,02
1266,18.10.2022,26,22,36,41,06,19
1267,20.10.2022,33,49,44,19,35,39
1268,23.10.2022,09,03,19,13,20,29
1269,25.10.2022,06,43,21,16,40,45
1270,27.10.2022,37,18,07,34,03,39
1271,30.10.2022,41,38,47,08,14,02
1272,01.11.2022,24,04,43,25,21,44
1273,03.11.2022,46,14,29,40,23,32
1274,06.11.2022,37,34,14,45,30,31
1275,08.11.2022,49,07,41,10,15,25
1276,10.11.2022,12,41,30,39,19,33
1277,13.11.2022,48,13,15,19,14,37
1278,15.11.2022,09,13,15,07,40,43
1279,17.11.2022,04,29,03,33,37,36
1280,20.11.2022,08,29,06,38,43,26
1281,22.11.2022,03,28,23,39,48,34
1282,24.11.2022,11,17,36,13,37,44
1283,27.11.2022,05,42,40,03,25,35
1284,29.11.2022,04,39,29,05,49,43
1285,01.12.2022,14,20,16,04,42,29
1286,04.12.2022,24,33,12,17,49,40
1287,06.12.2022,47,37,25,01,03,23
1288,08.12.2022,18,29,03,31,08,20
1289,11.12.2022,03,24,07,41,11,16
1290,13.12.2022,34,13,22,26,27,38
1291,15.12.2022,01,30,18,27,02,06
1292,18.12.2022,38,29,31,48,13,49
1293,20.12.2022,33,37,04,19,02,16
1294,22.12.2022,11,24,22,31,34,45
1295,27.12.2022,29,26,48,24,10,22
1296,29.12.2022,30,34,44,04,42,15
1297,03.01.2023,28,49,10,05,39,12
1298,05.01.2023,19,32,49,36,07,34
1299,08.01.2023,37,17,07,19,47,41
1300,10.01.2023,21,40,23,08,47,04
1301,12.01.2023,01,32,19,36,22,46
1302,15.01.2023,04,42,08,10,29,22
1303,17.01.2023,19,24,03,18,33,49
1304,19.01.2023,17,19,31,13,47,34
1305,22.01.2023,14,24,38,37,16,02
1306,24.01.2023,22,13,18,06,47,32
1307,26.01.2023,44,45,41,22,39,38
1308,29.01.2023,34,39,10,43,05,11
1309,31.01.2023,46,19,44,22,31,13
1310,02.02.2023,30,09,38,04,47,44
1311,05.02.2023,12,32,21,35,18,40
1312,07.02.2023,32,44,06,31,28,29
1313,09.02.2023,03,15,40,43,24,30
1314,12.02.2023,24,41,49,32,30,12
1315,14.02.2023,42,23,07,37,39,45
1316,16.02.2023,39,43,16,42,48,15
1317,19.02.2023,47,46,35,25,15,04
1318,21.02.2023,01,19,04,48,02,40
1319,23.02.2023,42,37,09,01,11,08
1320,26.02.2023,17,32,34,01,13,41
1321,28.02.2023,22,49,17,29,02,28
1322,02.03.2023,20,30,35,28,18,21
1323,05.03.2023,30,46,31,45,10,08
1324,07.03.2023,13,42,23,44,06,11
1325,09.03.2023,30,37,32,07,26,38
1326,12.03.2023,07,34,29,47,12,04
1327,14.03.2023,37,04,20,39,23,15
1328,16.03.2023,09,27,47,07,32,46
1329,19.03.2023,45,01,13,43,16,20
1330,21.03.2023,12,29,35,34,13,08
1331,23.03.2023,17,15,07,09,13,03
1332,26.03.2023,30,16,42,05,31,21
1333,28.03.2023,46,11,19,31,21,17
1334,30.03.2023,30,47,25,43,33,32
1335,02.04.2023,15,32,21,45,11,22
1336,04.04.2023,02,47,21,10,26,38
1337,11.04.2023,39,36,30,40,01,47
1338,13.04.2023,48,19,10,17,47,49
1339,16.04.2023,36,11,43,44,38,21
1340,18.04.2023,48,04,21,44,35,34
1341,20.04.2023,49,23,06,30,07,09
1342,23.04.2023,35,46,07,10,41,40
1343,25.04.2023,49,20,22,38,19,30
1344,27.04.2023,48,10,12,28,34,05
1345,30.04.2023,08,30,07,47,04,40
1346,02.05.2023,05,14,39,22,13,42
1347,04.05.2023,33,14,47,13,38,35
1348,07.05.2023,20,01,26,19,13,48
1349,09.05.2023,38,12,49,05,37,20
1350,11.05.2023,48,45,13,47,46,11
1351,14.05.2023,20,43,28,19,29,49
1352,16.05.2023,18,46,20,48,27,05
1353,18.05.2023,19,23,33,46,07,29
1354,21.05.2023,04,22,28,25,33,49
1355,23.05.2023,02,43,46,37,07,40
1356,25.05.2023,23,16,39,02,47,46
1357,28.05.2023,03,15,48,07,43,29
1358,30.05.2023,25,22,46,28,36,31
1359,01.06.2023,14,22,27,40,45,41
1360,04.06.2023,31,13,24,33,09,26
1361,06.06.2023,44,35,43,11,18,14
1362,08.06.2023,17,15,37,45,13,31
1363,11.06.2023,18,29,21,48,10,08
1364,13.06.2023,15,09,37,31,45,03
1365,15.06.2023,19,03,45,22,42,32
1366,18.06.2023,40,06,45,32,04,49
1367,20.06.2023,29,07,20,35,42,39
1368,22.06.2023,25,41,46,47,13,05
1369,25.06.2023,04,48,49,31,43,28
1370,27.06.2023,21,45,06,43,40,32
1371,29.06.2023,33,44,45,12,17,41
1372,02.07.2023,43,23,44,34,24,07
1373,04.07.2023,23,33,29,12,44,13
1374,06.07.2023,41,20,38,46,03,47
1375,09.07.2023,07,03,26,02,47,34
1376,11.07.2023,42,46,09,04,24,16
1377,13.07.2023,08,45,30,15,27,44
1378,16.07.2023,43,09,45,25,05,19
1379,18.07.2023,37,01,20,32,15,36
1380,20.07.2023,43,02,04,46,30,07
1381,23.07.2023,37,42,38,05,19,15
1382,25.07.2023,35,44,26,01,05,30
1383,27.07.2023,42,12,25,05,19,18
